TRUNCATE demo.product_category;
INSERT INTO demo.product_category (id, name, top_id, parent_id, level, tree_left, tree_right, cover_picture, created_at, updated_at) VALUES (1, '系統商品', 1, 0, 0, 0, 1, '', '2023-01-03 04:17:37', '2023-01-03 04:17:37');
INSERT INTO demo.product_category (id, name, top_id, parent_id, level, tree_left, tree_right, cover_picture, created_at, updated_at) VALUES (2, '百貨區', 2, 0, 0, 1, 14, '', '2023-01-03 06:59:04', '2023-01-10 04:08:13');
INSERT INTO demo.product_category (id, name, top_id, parent_id, level, tree_left, tree_right, cover_picture, created_at, updated_at) VALUES (3, '美食館', 2, 2, 1, 2, 3, '', '2023-01-06 06:34:09', '2023-01-06 06:34:09');
INSERT INTO demo.product_category (id, name, top_id, parent_id, level, tree_left, tree_right, cover_picture, created_at, updated_at) VALUES (4, '保健館', 2, 2, 1, 4, 5, '', '2023-01-10 04:07:21', '2023-01-10 04:07:21');
INSERT INTO demo.product_category (id, name, top_id, parent_id, level, tree_left, tree_right, cover_picture, created_at, updated_at) VALUES (5, '生活館', 2, 2, 1, 6, 13, '', '2023-01-10 04:07:29', '2023-01-10 04:08:13');
INSERT INTO demo.product_category (id, name, top_id, parent_id, level, tree_left, tree_right, cover_picture, created_at, updated_at) VALUES (6, '居家用品', 2, 5, 2, 7, 8, '', '2023-01-10 04:07:54', '2023-01-10 04:07:54');
INSERT INTO demo.product_category (id, name, top_id, parent_id, level, tree_left, tree_right, cover_picture, created_at, updated_at) VALUES (7, '廚房用品', 2, 5, 2, 9, 10, '', '2023-01-10 04:08:04', '2023-01-10 04:08:04');
INSERT INTO demo.product_category (id, name, top_id, parent_id, level, tree_left, tree_right, cover_picture, created_at, updated_at) VALUES (8, '衛生用品', 2, 5, 2, 11, 12, '', '2023-01-10 04:08:13', '2023-01-10 04:08:13');
INSERT INTO demo.product_category (id, name, top_id, parent_id, level, tree_left, tree_right, cover_picture, created_at, updated_at) VALUES (9, '美容區', 9, 0, 0, 1, 10, '', '2023-01-10 04:08:56', '2023-01-10 04:10:51');
INSERT INTO demo.product_category (id, name, top_id, parent_id, level, tree_left, tree_right, cover_picture, created_at, updated_at) VALUES (10, '保養', 9, 9, 1, 2, 7, '', '2023-01-10 04:09:47', '2023-01-10 04:10:27');
INSERT INTO demo.product_category (id, name, top_id, parent_id, level, tree_left, tree_right, cover_picture, created_at, updated_at) VALUES (11, '面部保養', 9, 10, 2, 3, 4, '', '2023-01-10 04:10:16', '2023-01-10 04:10:16');
INSERT INTO demo.product_category (id, name, top_id, parent_id, level, tree_left, tree_right, cover_picture, created_at, updated_at) VALUES (12, '手部保養', 9, 10, 2, 5, 6, '', '2023-01-10 04:10:27', '2023-01-10 04:10:27');
INSERT INTO demo.product_category (id, name, top_id, parent_id, level, tree_left, tree_right, cover_picture, created_at, updated_at) VALUES (13, '彩妝', 9, 9, 1, 8, 9, '', '2023-01-10 04:10:51', '2023-01-10 04:10:51');

TRUNCATE demo.product;
INSERT INTO demo.product (id, name, category_id, description, currency_id, price, special_price, max_quantity, pictures, return_policy, change_order_policy, delivery_policy, extra, is_enabled, is_custom_award_level, created_at, updated_at) VALUES (1, '分店訂閱', 1, '分店訂閱費用', 1, 1990, 0, 1, '[]', '', '', '', '{}', 1, 0, '2023-01-10 05:35:16', '2023-01-10 05:35:16');
INSERT INTO demo.product (id, name, category_id, description, currency_id, price, special_price, max_quantity, pictures, return_policy, change_order_policy, delivery_policy, extra, is_enabled, is_custom_award_level, created_at, updated_at) VALUES (2, '咖啡因洗髮乳1', 3, '<p><span style="color: rgb(33, 37, 41);">｜特色｜</span></p><p><span style="color: rgb(33, 37, 41);">全機 400g，像隨行杯一樣好拿好帶好收納</span></p><p><span style="color: rgb(33, 37, 41);">一體成形，一手翻轉，想要的功能即刻到位</span></p><p><span style="color: rgb(33, 37, 41);">一秒速熱，專業級 MCH 高溫陶瓷發熱片</span></p><p><span style="color: rgb(33, 37, 41);">兩檔溫度 120 °/170 ° 拒絕溫感、秒平皺褶</span></p><p><span style="color: rgb(33, 37, 41);">高效率除毛球，6,500RPM 高轉速俐落乾淨</span></p><p><span style="color: rgb(33, 37, 41);">TYPE-C USB 規格全球通用，熨衣免找插座</span></p><p><span style="color: rgb(33, 37, 41);">8,000mAh 大容量電池，可為手機供應電能</span></p><p><span style="color: rgb(33, 37, 41);">搭載 NTC 感溫探頭，過熱自動斷電保護安全</span></p><p><br></p><p><span style="color: rgb(33, 37, 41);">｜規格｜</span></p><p><span style="color: rgb(33, 37, 41);">額定電壓/電流：DC5V/1.5A</span></p><p><span style="color: rgb(33, 37, 41);">功率：熨燙 130W／除毛球 20W</span></p><p><span style="color: rgb(33, 37, 41);">電池規格：內建18650鋰電池8000mAh</span></p><p><span style="color: rgb(33, 37, 41);">熨燙板溫度：120 ／ 170度C</span></p><p><span style="color: rgb(33, 37, 41);">除毛球機轉速：6500 rpm</span></p><p><span style="color: rgb(33, 37, 41);">充電時間：約6小時</span></p><p><span style="color: rgb(33, 37, 41);">使用時間：熨燙約30min、除毛球25HR</span></p><p><span style="color: rgb(33, 37, 41);">材質：機身 ABS+PC塑料／蓋子 矽膠／刀片 不鏽鋼／面板 鋁鑄陶瓷塗層／隔熱墊 麗絲絨</span></p><p><br></p><p><span style="color: rgb(33, 37, 41);">｜保固說明｜</span></p><p><span style="color: rgb(33, 37, 41);">非人為因素之損壞，原廠保固一年</span></p><p><span style="color: rgb(33, 37, 41);">使用前請確實遵從產品說明書內之操作指示及注意事項</span></p><p><span style="color: rgb(33, 37, 41);">如需辦理退換貨，包裝與配件須完整(商品配件、包裝完整，無刮痕損傷)</span></p>', 1, 230, 0, 6, '["upload/demo/1673430871896.jpeg","upload/demo/1673430886736.jpeg","upload/demo/1673430895521.jpeg","upload/demo/1673430904999.jpeg","upload/demo/1673430915905.jpeg"]', '<p><span style="color: rgb(33, 37, 41);">· 依照消費者保護法規定，消費者享有商品到貨7日鑑賞期（包含例假日）之權益，7日鑑賞期並非「試用期」，並保持商品之完整。</span></p><p><span style="color: rgb(33, 37, 41);">· 為保障雙方權益，請您在拆封時務必全程錄影，以確保商品是否遺漏或破損。</span></p><p><span style="color: rgb(33, 37, 41);">· 基於衛生考量我們無法在任何已拆封或已使用的商品上進行更換。</span></p><p><span style="color: rgb(33, 37, 41);">本規範未盡之事宜麗鑫生技股份有限公司保有變更、補充、終止、解釋部份規範內容之權力，</span></p><p><span style="color: rgb(33, 37, 41);">並將以上述公告於官網之退換貨政策，以便提供會員詳閱。</span></p>', '<p><span style="color: rgb(33, 37, 41);">· 依照消費者保護法規定，消費者享有商品到貨7日鑑賞期（包含例假日）之權益，7日鑑賞期並非「試用期」，並保持商品之完整。</span></p><p><span style="color: rgb(33, 37, 41);">· 為保障雙方權益，請您在拆封時務必全程錄影，以確保商品是否遺漏或破損。</span></p><p><span style="color: rgb(33, 37, 41);">· 基於衛生考量我們無法在任何已拆封或已使用的商品上進行更換。</span></p><p><span style="color: rgb(33, 37, 41);">本規範未盡之事宜麗鑫生技股份有限公司保有變更、補充、終止、解釋部份規範內容之權力，</span></p><p><span style="color: rgb(33, 37, 41);">並將以上述公告於官網之退換貨政策，以便提供會員詳閱。</span></p>', '<p><span style="color: rgb(33, 37, 41);">宅配到家 ($ 100&nbsp;)&nbsp;&nbsp;/&nbsp;7-11 ($ 80&nbsp;)&nbsp;&nbsp;/&nbsp;全家 ($ 80&nbsp;)</span></p><p>＊ 實際運費依結帳頁面金額或到貨收款金額為準。</p>', '{}', 1, 0, '2023-01-10 05:30:39', '2023-01-10 05:30:39');
INSERT INTO demo.product (id, name, category_id, description, currency_id, price, special_price, max_quantity, pictures, return_policy, change_order_policy, delivery_policy, extra, is_enabled, is_custom_award_level, created_at, updated_at) VALUES (3, '咖啡因洗髮乳2', 3, '<p><span style="color: rgb(33, 37, 41);">｜特色｜</span></p><p><span style="color: rgb(33, 37, 41);">全機 400g，像隨行杯一樣好拿好帶好收納</span></p><p><span style="color: rgb(33, 37, 41);">一體成形，一手翻轉，想要的功能即刻到位</span></p><p><span style="color: rgb(33, 37, 41);">一秒速熱，專業級 MCH 高溫陶瓷發熱片</span></p><p><span style="color: rgb(33, 37, 41);">兩檔溫度 120 °/170 ° 拒絕溫感、秒平皺褶</span></p><p><span style="color: rgb(33, 37, 41);">高效率除毛球，6,500RPM 高轉速俐落乾淨</span></p><p><span style="color: rgb(33, 37, 41);">TYPE-C USB 規格全球通用，熨衣免找插座</span></p><p><span style="color: rgb(33, 37, 41);">8,000mAh 大容量電池，可為手機供應電能</span></p><p><span style="color: rgb(33, 37, 41);">搭載 NTC 感溫探頭，過熱自動斷電保護安全</span></p><p><br></p><p><span style="color: rgb(33, 37, 41);">｜規格｜</span></p><p><span style="color: rgb(33, 37, 41);">額定電壓/電流：DC5V/1.5A</span></p><p><span style="color: rgb(33, 37, 41);">功率：熨燙 130W／除毛球 20W</span></p><p><span style="color: rgb(33, 37, 41);">電池規格：內建18650鋰電池8000mAh</span></p><p><span style="color: rgb(33, 37, 41);">熨燙板溫度：120 ／ 170度C</span></p><p><span style="color: rgb(33, 37, 41);">除毛球機轉速：6500 rpm</span></p><p><span style="color: rgb(33, 37, 41);">充電時間：約6小時</span></p><p><span style="color: rgb(33, 37, 41);">使用時間：熨燙約30min、除毛球25HR</span></p><p><span style="color: rgb(33, 37, 41);">材質：機身 ABS+PC塑料／蓋子 矽膠／刀片 不鏽鋼／面板 鋁鑄陶瓷塗層／隔熱墊 麗絲絨</span></p><p><br></p><p><span style="color: rgb(33, 37, 41);">｜保固說明｜</span></p><p><span style="color: rgb(33, 37, 41);">非人為因素之損壞，原廠保固一年</span></p><p><span style="color: rgb(33, 37, 41);">使用前請確實遵從產品說明書內之操作指示及注意事項</span></p><p><span style="color: rgb(33, 37, 41);">如需辦理退換貨，包裝與配件須完整(商品配件、包裝完整，無刮痕損傷)</span></p>', 1, 230, 200, 6, '["upload/demo/1673430871896.jpeg","upload/demo/1673430886736.jpeg","upload/demo/1673430895521.jpeg","upload/demo/1673430904999.jpeg","upload/demo/1673430915905.jpeg"]', '<p><span style="color: rgb(33, 37, 41);">· 依照消費者保護法規定，消費者享有商品到貨7日鑑賞期（包含例假日）之權益，7日鑑賞期並非「試用期」，並保持商品之完整。</span></p><p><span style="color: rgb(33, 37, 41);">· 為保障雙方權益，請您在拆封時務必全程錄影，以確保商品是否遺漏或破損。</span></p><p><span style="color: rgb(33, 37, 41);">· 基於衛生考量我們無法在任何已拆封或已使用的商品上進行更換。</span></p><p><span style="color: rgb(33, 37, 41);">本規範未盡之事宜麗鑫生技股份有限公司保有變更、補充、終止、解釋部份規範內容之權力，</span></p><p><span style="color: rgb(33, 37, 41);">並將以上述公告於官網之退換貨政策，以便提供會員詳閱。</span></p>', '<p><span style="color: rgb(33, 37, 41);">· 依照消費者保護法規定，消費者享有商品到貨7日鑑賞期（包含例假日）之權益，7日鑑賞期並非「試用期」，並保持商品之完整。</span></p><p><span style="color: rgb(33, 37, 41);">· 為保障雙方權益，請您在拆封時務必全程錄影，以確保商品是否遺漏或破損。</span></p><p><span style="color: rgb(33, 37, 41);">· 基於衛生考量我們無法在任何已拆封或已使用的商品上進行更換。</span></p><p><span style="color: rgb(33, 37, 41);">本規範未盡之事宜麗鑫生技股份有限公司保有變更、補充、終止、解釋部份規範內容之權力，</span></p><p><span style="color: rgb(33, 37, 41);">並將以上述公告於官網之退換貨政策，以便提供會員詳閱。</span></p>', '<p><span style="color: rgb(33, 37, 41);">宅配到家 ($ 100&nbsp;)&nbsp;&nbsp;/&nbsp;7-11 ($ 80&nbsp;)&nbsp;&nbsp;/&nbsp;全家 ($ 80&nbsp;)</span></p><p>＊ 實際運費依結帳頁面金額或到貨收款金額為準。</p>', '{}', 1, 0, '2023-01-10 05:30:55', '2023-01-10 05:30:55');
INSERT INTO demo.product (id, name, category_id, description, currency_id, price, special_price, max_quantity, pictures, return_policy, change_order_policy, delivery_policy, extra, is_enabled, is_custom_award_level, created_at, updated_at) VALUES (4, '咖啡因洗髮乳3', 3, '<p><span style="color: rgb(33, 37, 41);">｜特色｜</span></p><p><span style="color: rgb(33, 37, 41);">全機 400g，像隨行杯一樣好拿好帶好收納</span></p><p><span style="color: rgb(33, 37, 41);">一體成形，一手翻轉，想要的功能即刻到位</span></p><p><span style="color: rgb(33, 37, 41);">一秒速熱，專業級 MCH 高溫陶瓷發熱片</span></p><p><span style="color: rgb(33, 37, 41);">兩檔溫度 120 °/170 ° 拒絕溫感、秒平皺褶</span></p><p><span style="color: rgb(33, 37, 41);">高效率除毛球，6,500RPM 高轉速俐落乾淨</span></p><p><span style="color: rgb(33, 37, 41);">TYPE-C USB 規格全球通用，熨衣免找插座</span></p><p><span style="color: rgb(33, 37, 41);">8,000mAh 大容量電池，可為手機供應電能</span></p><p><span style="color: rgb(33, 37, 41);">搭載 NTC 感溫探頭，過熱自動斷電保護安全</span></p><p><br></p><p><span style="color: rgb(33, 37, 41);">｜規格｜</span></p><p><span style="color: rgb(33, 37, 41);">額定電壓/電流：DC5V/1.5A</span></p><p><span style="color: rgb(33, 37, 41);">功率：熨燙 130W／除毛球 20W</span></p><p><span style="color: rgb(33, 37, 41);">電池規格：內建18650鋰電池8000mAh</span></p><p><span style="color: rgb(33, 37, 41);">熨燙板溫度：120 ／ 170度C</span></p><p><span style="color: rgb(33, 37, 41);">除毛球機轉速：6500 rpm</span></p><p><span style="color: rgb(33, 37, 41);">充電時間：約6小時</span></p><p><span style="color: rgb(33, 37, 41);">使用時間：熨燙約30min、除毛球25HR</span></p><p><span style="color: rgb(33, 37, 41);">材質：機身 ABS+PC塑料／蓋子 矽膠／刀片 不鏽鋼／面板 鋁鑄陶瓷塗層／隔熱墊 麗絲絨</span></p><p><br></p><p><span style="color: rgb(33, 37, 41);">｜保固說明｜</span></p><p><span style="color: rgb(33, 37, 41);">非人為因素之損壞，原廠保固一年</span></p><p><span style="color: rgb(33, 37, 41);">使用前請確實遵從產品說明書內之操作指示及注意事項</span></p><p><span style="color: rgb(33, 37, 41);">如需辦理退換貨，包裝與配件須完整(商品配件、包裝完整，無刮痕損傷)</span></p>', 1, 230, 0, 6, '["upload/demo/1673430871896.jpeg","upload/demo/1673430886736.jpeg","upload/demo/1673430895521.jpeg","upload/demo/1673430904999.jpeg","upload/demo/1673430915905.jpeg"]', '<p><span style="color: rgb(33, 37, 41);">· 依照消費者保護法規定，消費者享有商品到貨7日鑑賞期（包含例假日）之權益，7日鑑賞期並非「試用期」，並保持商品之完整。</span></p><p><span style="color: rgb(33, 37, 41);">· 為保障雙方權益，請您在拆封時務必全程錄影，以確保商品是否遺漏或破損。</span></p><p><span style="color: rgb(33, 37, 41);">· 基於衛生考量我們無法在任何已拆封或已使用的商品上進行更換。</span></p><p><span style="color: rgb(33, 37, 41);">本規範未盡之事宜麗鑫生技股份有限公司保有變更、補充、終止、解釋部份規範內容之權力，</span></p><p><span style="color: rgb(33, 37, 41);">並將以上述公告於官網之退換貨政策，以便提供會員詳閱。</span></p>', '<p><span style="color: rgb(33, 37, 41);">· 依照消費者保護法規定，消費者享有商品到貨7日鑑賞期（包含例假日）之權益，7日鑑賞期並非「試用期」，並保持商品之完整。</span></p><p><span style="color: rgb(33, 37, 41);">· 為保障雙方權益，請您在拆封時務必全程錄影，以確保商品是否遺漏或破損。</span></p><p><span style="color: rgb(33, 37, 41);">· 基於衛生考量我們無法在任何已拆封或已使用的商品上進行更換。</span></p><p><span style="color: rgb(33, 37, 41);">本規範未盡之事宜麗鑫生技股份有限公司保有變更、補充、終止、解釋部份規範內容之權力，</span></p><p><span style="color: rgb(33, 37, 41);">並將以上述公告於官網之退換貨政策，以便提供會員詳閱。</span></p>', '<p><span style="color: rgb(33, 37, 41);">宅配到家 ($ 100&nbsp;)&nbsp;&nbsp;/&nbsp;7-11 ($ 80&nbsp;)&nbsp;&nbsp;/&nbsp;全家 ($ 80&nbsp;)</span></p><p>＊ 實際運費依結帳頁面金額或到貨收款金額為準。</p>', '{}', 1, 0, '2023-01-10 05:31:10', '2023-01-10 05:31:10');
INSERT INTO demo.product (id, name, category_id, description, currency_id, price, special_price, max_quantity, pictures, return_policy, change_order_policy, delivery_policy, extra, is_enabled, is_custom_award_level, created_at, updated_at) VALUES (5, '咖啡因洗髮乳4', 3, '<p><span style="color: rgb(33, 37, 41);">｜特色｜</span></p><p><span style="color: rgb(33, 37, 41);">全機 400g，像隨行杯一樣好拿好帶好收納</span></p><p><span style="color: rgb(33, 37, 41);">一體成形，一手翻轉，想要的功能即刻到位</span></p><p><span style="color: rgb(33, 37, 41);">一秒速熱，專業級 MCH 高溫陶瓷發熱片</span></p><p><span style="color: rgb(33, 37, 41);">兩檔溫度 120 °/170 ° 拒絕溫感、秒平皺褶</span></p><p><span style="color: rgb(33, 37, 41);">高效率除毛球，6,500RPM 高轉速俐落乾淨</span></p><p><span style="color: rgb(33, 37, 41);">TYPE-C USB 規格全球通用，熨衣免找插座</span></p><p><span style="color: rgb(33, 37, 41);">8,000mAh 大容量電池，可為手機供應電能</span></p><p><span style="color: rgb(33, 37, 41);">搭載 NTC 感溫探頭，過熱自動斷電保護安全</span></p><p><br></p><p><span style="color: rgb(33, 37, 41);">｜規格｜</span></p><p><span style="color: rgb(33, 37, 41);">額定電壓/電流：DC5V/1.5A</span></p><p><span style="color: rgb(33, 37, 41);">功率：熨燙 130W／除毛球 20W</span></p><p><span style="color: rgb(33, 37, 41);">電池規格：內建18650鋰電池8000mAh</span></p><p><span style="color: rgb(33, 37, 41);">熨燙板溫度：120 ／ 170度C</span></p><p><span style="color: rgb(33, 37, 41);">除毛球機轉速：6500 rpm</span></p><p><span style="color: rgb(33, 37, 41);">充電時間：約6小時</span></p><p><span style="color: rgb(33, 37, 41);">使用時間：熨燙約30min、除毛球25HR</span></p><p><span style="color: rgb(33, 37, 41);">材質：機身 ABS+PC塑料／蓋子 矽膠／刀片 不鏽鋼／面板 鋁鑄陶瓷塗層／隔熱墊 麗絲絨</span></p><p><br></p><p><span style="color: rgb(33, 37, 41);">｜保固說明｜</span></p><p><span style="color: rgb(33, 37, 41);">非人為因素之損壞，原廠保固一年</span></p><p><span style="color: rgb(33, 37, 41);">使用前請確實遵從產品說明書內之操作指示及注意事項</span></p><p><span style="color: rgb(33, 37, 41);">如需辦理退換貨，包裝與配件須完整(商品配件、包裝完整，無刮痕損傷)</span></p>', 1, 230, 0, 6, '["upload/demo/1673430871896.jpeg","upload/demo/1673430886736.jpeg","upload/demo/1673430895521.jpeg","upload/demo/1673430904999.jpeg","upload/demo/1673430915905.jpeg"]', '<p><span style="color: rgb(33, 37, 41);">· 依照消費者保護法規定，消費者享有商品到貨7日鑑賞期（包含例假日）之權益，7日鑑賞期並非「試用期」，並保持商品之完整。</span></p><p><span style="color: rgb(33, 37, 41);">· 為保障雙方權益，請您在拆封時務必全程錄影，以確保商品是否遺漏或破損。</span></p><p><span style="color: rgb(33, 37, 41);">· 基於衛生考量我們無法在任何已拆封或已使用的商品上進行更換。</span></p><p><span style="color: rgb(33, 37, 41);">本規範未盡之事宜麗鑫生技股份有限公司保有變更、補充、終止、解釋部份規範內容之權力，</span></p><p><span style="color: rgb(33, 37, 41);">並將以上述公告於官網之退換貨政策，以便提供會員詳閱。</span></p>', '<p><span style="color: rgb(33, 37, 41);">· 依照消費者保護法規定，消費者享有商品到貨7日鑑賞期（包含例假日）之權益，7日鑑賞期並非「試用期」，並保持商品之完整。</span></p><p><span style="color: rgb(33, 37, 41);">· 為保障雙方權益，請您在拆封時務必全程錄影，以確保商品是否遺漏或破損。</span></p><p><span style="color: rgb(33, 37, 41);">· 基於衛生考量我們無法在任何已拆封或已使用的商品上進行更換。</span></p><p><span style="color: rgb(33, 37, 41);">本規範未盡之事宜麗鑫生技股份有限公司保有變更、補充、終止、解釋部份規範內容之權力，</span></p><p><span style="color: rgb(33, 37, 41);">並將以上述公告於官網之退換貨政策，以便提供會員詳閱。</span></p>', '<p><span style="color: rgb(33, 37, 41);">宅配到家 ($ 100&nbsp;)&nbsp;&nbsp;/&nbsp;7-11 ($ 80&nbsp;)&nbsp;&nbsp;/&nbsp;全家 ($ 80&nbsp;)</span></p><p>＊ 實際運費依結帳頁面金額或到貨收款金額為準。</p>', '{}', 1, 0, '2023-01-10 05:31:11', '2023-01-10 05:31:11');
INSERT INTO demo.product (id, name, category_id, description, currency_id, price, special_price, max_quantity, pictures, return_policy, change_order_policy, delivery_policy, extra, is_enabled, is_custom_award_level, created_at, updated_at) VALUES (6, '咖啡因洗髮乳5', 4, '<p><span style="color: rgb(33, 37, 41);">｜特色｜</span></p><p><span style="color: rgb(33, 37, 41);">全機 400g，像隨行杯一樣好拿好帶好收納</span></p><p><span style="color: rgb(33, 37, 41);">一體成形，一手翻轉，想要的功能即刻到位</span></p><p><span style="color: rgb(33, 37, 41);">一秒速熱，專業級 MCH 高溫陶瓷發熱片</span></p><p><span style="color: rgb(33, 37, 41);">兩檔溫度 120 °/170 ° 拒絕溫感、秒平皺褶</span></p><p><span style="color: rgb(33, 37, 41);">高效率除毛球，6,500RPM 高轉速俐落乾淨</span></p><p><span style="color: rgb(33, 37, 41);">TYPE-C USB 規格全球通用，熨衣免找插座</span></p><p><span style="color: rgb(33, 37, 41);">8,000mAh 大容量電池，可為手機供應電能</span></p><p><span style="color: rgb(33, 37, 41);">搭載 NTC 感溫探頭，過熱自動斷電保護安全</span></p><p><br></p><p><span style="color: rgb(33, 37, 41);">｜規格｜</span></p><p><span style="color: rgb(33, 37, 41);">額定電壓/電流：DC5V/1.5A</span></p><p><span style="color: rgb(33, 37, 41);">功率：熨燙 130W／除毛球 20W</span></p><p><span style="color: rgb(33, 37, 41);">電池規格：內建18650鋰電池8000mAh</span></p><p><span style="color: rgb(33, 37, 41);">熨燙板溫度：120 ／ 170度C</span></p><p><span style="color: rgb(33, 37, 41);">除毛球機轉速：6500 rpm</span></p><p><span style="color: rgb(33, 37, 41);">充電時間：約6小時</span></p><p><span style="color: rgb(33, 37, 41);">使用時間：熨燙約30min、除毛球25HR</span></p><p><span style="color: rgb(33, 37, 41);">材質：機身 ABS+PC塑料／蓋子 矽膠／刀片 不鏽鋼／面板 鋁鑄陶瓷塗層／隔熱墊 麗絲絨</span></p><p><br></p><p><span style="color: rgb(33, 37, 41);">｜保固說明｜</span></p><p><span style="color: rgb(33, 37, 41);">非人為因素之損壞，原廠保固一年</span></p><p><span style="color: rgb(33, 37, 41);">使用前請確實遵從產品說明書內之操作指示及注意事項</span></p><p><span style="color: rgb(33, 37, 41);">如需辦理退換貨，包裝與配件須完整(商品配件、包裝完整，無刮痕損傷)</span></p>', 1, 230, 0, 6, '["upload/demo/1673430871896.jpeg","upload/demo/1673430886736.jpeg","upload/demo/1673430895521.jpeg","upload/demo/1673430904999.jpeg","upload/demo/1673430915905.jpeg"]', '<p><span style="color: rgb(33, 37, 41);">· 依照消費者保護法規定，消費者享有商品到貨7日鑑賞期（包含例假日）之權益，7日鑑賞期並非「試用期」，並保持商品之完整。</span></p><p><span style="color: rgb(33, 37, 41);">· 為保障雙方權益，請您在拆封時務必全程錄影，以確保商品是否遺漏或破損。</span></p><p><span style="color: rgb(33, 37, 41);">· 基於衛生考量我們無法在任何已拆封或已使用的商品上進行更換。</span></p><p><span style="color: rgb(33, 37, 41);">本規範未盡之事宜麗鑫生技股份有限公司保有變更、補充、終止、解釋部份規範內容之權力，</span></p><p><span style="color: rgb(33, 37, 41);">並將以上述公告於官網之退換貨政策，以便提供會員詳閱。</span></p>', '<p><span style="color: rgb(33, 37, 41);">· 依照消費者保護法規定，消費者享有商品到貨7日鑑賞期（包含例假日）之權益，7日鑑賞期並非「試用期」，並保持商品之完整。</span></p><p><span style="color: rgb(33, 37, 41);">· 為保障雙方權益，請您在拆封時務必全程錄影，以確保商品是否遺漏或破損。</span></p><p><span style="color: rgb(33, 37, 41);">· 基於衛生考量我們無法在任何已拆封或已使用的商品上進行更換。</span></p><p><span style="color: rgb(33, 37, 41);">本規範未盡之事宜麗鑫生技股份有限公司保有變更、補充、終止、解釋部份規範內容之權力，</span></p><p><span style="color: rgb(33, 37, 41);">並將以上述公告於官網之退換貨政策，以便提供會員詳閱。</span></p>', '<p><span style="color: rgb(33, 37, 41);">宅配到家 ($ 100&nbsp;)&nbsp;&nbsp;/&nbsp;7-11 ($ 80&nbsp;)&nbsp;&nbsp;/&nbsp;全家 ($ 80&nbsp;)</span></p><p>＊ 實際運費依結帳頁面金額或到貨收款金額為準。</p>', '{}', 1, 0, '2023-01-10 05:30:39', '2023-01-10 05:30:39');
INSERT INTO demo.product (id, name, category_id, description, currency_id, price, special_price, max_quantity, pictures, return_policy, change_order_policy, delivery_policy, extra, is_enabled, is_custom_award_level, created_at, updated_at) VALUES (7, '咖啡因洗髮乳6', 4, '<p><span style="color: rgb(33, 37, 41);">｜特色｜</span></p><p><span style="color: rgb(33, 37, 41);">全機 400g，像隨行杯一樣好拿好帶好收納</span></p><p><span style="color: rgb(33, 37, 41);">一體成形，一手翻轉，想要的功能即刻到位</span></p><p><span style="color: rgb(33, 37, 41);">一秒速熱，專業級 MCH 高溫陶瓷發熱片</span></p><p><span style="color: rgb(33, 37, 41);">兩檔溫度 120 °/170 ° 拒絕溫感、秒平皺褶</span></p><p><span style="color: rgb(33, 37, 41);">高效率除毛球，6,500RPM 高轉速俐落乾淨</span></p><p><span style="color: rgb(33, 37, 41);">TYPE-C USB 規格全球通用，熨衣免找插座</span></p><p><span style="color: rgb(33, 37, 41);">8,000mAh 大容量電池，可為手機供應電能</span></p><p><span style="color: rgb(33, 37, 41);">搭載 NTC 感溫探頭，過熱自動斷電保護安全</span></p><p><br></p><p><span style="color: rgb(33, 37, 41);">｜規格｜</span></p><p><span style="color: rgb(33, 37, 41);">額定電壓/電流：DC5V/1.5A</span></p><p><span style="color: rgb(33, 37, 41);">功率：熨燙 130W／除毛球 20W</span></p><p><span style="color: rgb(33, 37, 41);">電池規格：內建18650鋰電池8000mAh</span></p><p><span style="color: rgb(33, 37, 41);">熨燙板溫度：120 ／ 170度C</span></p><p><span style="color: rgb(33, 37, 41);">除毛球機轉速：6500 rpm</span></p><p><span style="color: rgb(33, 37, 41);">充電時間：約6小時</span></p><p><span style="color: rgb(33, 37, 41);">使用時間：熨燙約30min、除毛球25HR</span></p><p><span style="color: rgb(33, 37, 41);">材質：機身 ABS+PC塑料／蓋子 矽膠／刀片 不鏽鋼／面板 鋁鑄陶瓷塗層／隔熱墊 麗絲絨</span></p><p><br></p><p><span style="color: rgb(33, 37, 41);">｜保固說明｜</span></p><p><span style="color: rgb(33, 37, 41);">非人為因素之損壞，原廠保固一年</span></p><p><span style="color: rgb(33, 37, 41);">使用前請確實遵從產品說明書內之操作指示及注意事項</span></p><p><span style="color: rgb(33, 37, 41);">如需辦理退換貨，包裝與配件須完整(商品配件、包裝完整，無刮痕損傷)</span></p>', 1, 230, 200, 6, '["upload/demo/1673430871896.jpeg","upload/demo/1673430886736.jpeg","upload/demo/1673430895521.jpeg","upload/demo/1673430904999.jpeg","upload/demo/1673430915905.jpeg"]', '<p><span style="color: rgb(33, 37, 41);">· 依照消費者保護法規定，消費者享有商品到貨7日鑑賞期（包含例假日）之權益，7日鑑賞期並非「試用期」，並保持商品之完整。</span></p><p><span style="color: rgb(33, 37, 41);">· 為保障雙方權益，請您在拆封時務必全程錄影，以確保商品是否遺漏或破損。</span></p><p><span style="color: rgb(33, 37, 41);">· 基於衛生考量我們無法在任何已拆封或已使用的商品上進行更換。</span></p><p><span style="color: rgb(33, 37, 41);">本規範未盡之事宜麗鑫生技股份有限公司保有變更、補充、終止、解釋部份規範內容之權力，</span></p><p><span style="color: rgb(33, 37, 41);">並將以上述公告於官網之退換貨政策，以便提供會員詳閱。</span></p>', '<p><span style="color: rgb(33, 37, 41);">· 依照消費者保護法規定，消費者享有商品到貨7日鑑賞期（包含例假日）之權益，7日鑑賞期並非「試用期」，並保持商品之完整。</span></p><p><span style="color: rgb(33, 37, 41);">· 為保障雙方權益，請您在拆封時務必全程錄影，以確保商品是否遺漏或破損。</span></p><p><span style="color: rgb(33, 37, 41);">· 基於衛生考量我們無法在任何已拆封或已使用的商品上進行更換。</span></p><p><span style="color: rgb(33, 37, 41);">本規範未盡之事宜麗鑫生技股份有限公司保有變更、補充、終止、解釋部份規範內容之權力，</span></p><p><span style="color: rgb(33, 37, 41);">並將以上述公告於官網之退換貨政策，以便提供會員詳閱。</span></p>', '<p><span style="color: rgb(33, 37, 41);">宅配到家 ($ 100&nbsp;)&nbsp;&nbsp;/&nbsp;7-11 ($ 80&nbsp;)&nbsp;&nbsp;/&nbsp;全家 ($ 80&nbsp;)</span></p><p>＊ 實際運費依結帳頁面金額或到貨收款金額為準。</p>', '{}', 1, 0, '2023-01-10 05:30:55', '2023-01-10 05:30:55');
INSERT INTO demo.product (id, name, category_id, description, currency_id, price, special_price, max_quantity, pictures, return_policy, change_order_policy, delivery_policy, extra, is_enabled, is_custom_award_level, created_at, updated_at) VALUES (8, '咖啡因洗髮乳7', 4, '<p><span style="color: rgb(33, 37, 41);">｜特色｜</span></p><p><span style="color: rgb(33, 37, 41);">全機 400g，像隨行杯一樣好拿好帶好收納</span></p><p><span style="color: rgb(33, 37, 41);">一體成形，一手翻轉，想要的功能即刻到位</span></p><p><span style="color: rgb(33, 37, 41);">一秒速熱，專業級 MCH 高溫陶瓷發熱片</span></p><p><span style="color: rgb(33, 37, 41);">兩檔溫度 120 °/170 ° 拒絕溫感、秒平皺褶</span></p><p><span style="color: rgb(33, 37, 41);">高效率除毛球，6,500RPM 高轉速俐落乾淨</span></p><p><span style="color: rgb(33, 37, 41);">TYPE-C USB 規格全球通用，熨衣免找插座</span></p><p><span style="color: rgb(33, 37, 41);">8,000mAh 大容量電池，可為手機供應電能</span></p><p><span style="color: rgb(33, 37, 41);">搭載 NTC 感溫探頭，過熱自動斷電保護安全</span></p><p><br></p><p><span style="color: rgb(33, 37, 41);">｜規格｜</span></p><p><span style="color: rgb(33, 37, 41);">額定電壓/電流：DC5V/1.5A</span></p><p><span style="color: rgb(33, 37, 41);">功率：熨燙 130W／除毛球 20W</span></p><p><span style="color: rgb(33, 37, 41);">電池規格：內建18650鋰電池8000mAh</span></p><p><span style="color: rgb(33, 37, 41);">熨燙板溫度：120 ／ 170度C</span></p><p><span style="color: rgb(33, 37, 41);">除毛球機轉速：6500 rpm</span></p><p><span style="color: rgb(33, 37, 41);">充電時間：約6小時</span></p><p><span style="color: rgb(33, 37, 41);">使用時間：熨燙約30min、除毛球25HR</span></p><p><span style="color: rgb(33, 37, 41);">材質：機身 ABS+PC塑料／蓋子 矽膠／刀片 不鏽鋼／面板 鋁鑄陶瓷塗層／隔熱墊 麗絲絨</span></p><p><br></p><p><span style="color: rgb(33, 37, 41);">｜保固說明｜</span></p><p><span style="color: rgb(33, 37, 41);">非人為因素之損壞，原廠保固一年</span></p><p><span style="color: rgb(33, 37, 41);">使用前請確實遵從產品說明書內之操作指示及注意事項</span></p><p><span style="color: rgb(33, 37, 41);">如需辦理退換貨，包裝與配件須完整(商品配件、包裝完整，無刮痕損傷)</span></p>', 1, 230, 0, 6, '["upload/demo/1673430871896.jpeg","upload/demo/1673430886736.jpeg","upload/demo/1673430895521.jpeg","upload/demo/1673430904999.jpeg","upload/demo/1673430915905.jpeg"]', '<p><span style="color: rgb(33, 37, 41);">· 依照消費者保護法規定，消費者享有商品到貨7日鑑賞期（包含例假日）之權益，7日鑑賞期並非「試用期」，並保持商品之完整。</span></p><p><span style="color: rgb(33, 37, 41);">· 為保障雙方權益，請您在拆封時務必全程錄影，以確保商品是否遺漏或破損。</span></p><p><span style="color: rgb(33, 37, 41);">· 基於衛生考量我們無法在任何已拆封或已使用的商品上進行更換。</span></p><p><span style="color: rgb(33, 37, 41);">本規範未盡之事宜麗鑫生技股份有限公司保有變更、補充、終止、解釋部份規範內容之權力，</span></p><p><span style="color: rgb(33, 37, 41);">並將以上述公告於官網之退換貨政策，以便提供會員詳閱。</span></p>', '<p><span style="color: rgb(33, 37, 41);">· 依照消費者保護法規定，消費者享有商品到貨7日鑑賞期（包含例假日）之權益，7日鑑賞期並非「試用期」，並保持商品之完整。</span></p><p><span style="color: rgb(33, 37, 41);">· 為保障雙方權益，請您在拆封時務必全程錄影，以確保商品是否遺漏或破損。</span></p><p><span style="color: rgb(33, 37, 41);">· 基於衛生考量我們無法在任何已拆封或已使用的商品上進行更換。</span></p><p><span style="color: rgb(33, 37, 41);">本規範未盡之事宜麗鑫生技股份有限公司保有變更、補充、終止、解釋部份規範內容之權力，</span></p><p><span style="color: rgb(33, 37, 41);">並將以上述公告於官網之退換貨政策，以便提供會員詳閱。</span></p>', '<p><span style="color: rgb(33, 37, 41);">宅配到家 ($ 100&nbsp;)&nbsp;&nbsp;/&nbsp;7-11 ($ 80&nbsp;)&nbsp;&nbsp;/&nbsp;全家 ($ 80&nbsp;)</span></p><p>＊ 實際運費依結帳頁面金額或到貨收款金額為準。</p>', '{}', 1, 0, '2023-01-10 05:31:10', '2023-01-10 05:31:10');
INSERT INTO demo.product (id, name, category_id, description, currency_id, price, special_price, max_quantity, pictures, return_policy, change_order_policy, delivery_policy, extra, is_enabled, is_custom_award_level, created_at, updated_at) VALUES (9, '咖啡因洗髮乳8', 4, '<p><span style="color: rgb(33, 37, 41);">｜特色｜</span></p><p><span style="color: rgb(33, 37, 41);">全機 400g，像隨行杯一樣好拿好帶好收納</span></p><p><span style="color: rgb(33, 37, 41);">一體成形，一手翻轉，想要的功能即刻到位</span></p><p><span style="color: rgb(33, 37, 41);">一秒速熱，專業級 MCH 高溫陶瓷發熱片</span></p><p><span style="color: rgb(33, 37, 41);">兩檔溫度 120 °/170 ° 拒絕溫感、秒平皺褶</span></p><p><span style="color: rgb(33, 37, 41);">高效率除毛球，6,500RPM 高轉速俐落乾淨</span></p><p><span style="color: rgb(33, 37, 41);">TYPE-C USB 規格全球通用，熨衣免找插座</span></p><p><span style="color: rgb(33, 37, 41);">8,000mAh 大容量電池，可為手機供應電能</span></p><p><span style="color: rgb(33, 37, 41);">搭載 NTC 感溫探頭，過熱自動斷電保護安全</span></p><p><br></p><p><span style="color: rgb(33, 37, 41);">｜規格｜</span></p><p><span style="color: rgb(33, 37, 41);">額定電壓/電流：DC5V/1.5A</span></p><p><span style="color: rgb(33, 37, 41);">功率：熨燙 130W／除毛球 20W</span></p><p><span style="color: rgb(33, 37, 41);">電池規格：內建18650鋰電池8000mAh</span></p><p><span style="color: rgb(33, 37, 41);">熨燙板溫度：120 ／ 170度C</span></p><p><span style="color: rgb(33, 37, 41);">除毛球機轉速：6500 rpm</span></p><p><span style="color: rgb(33, 37, 41);">充電時間：約6小時</span></p><p><span style="color: rgb(33, 37, 41);">使用時間：熨燙約30min、除毛球25HR</span></p><p><span style="color: rgb(33, 37, 41);">材質：機身 ABS+PC塑料／蓋子 矽膠／刀片 不鏽鋼／面板 鋁鑄陶瓷塗層／隔熱墊 麗絲絨</span></p><p><br></p><p><span style="color: rgb(33, 37, 41);">｜保固說明｜</span></p><p><span style="color: rgb(33, 37, 41);">非人為因素之損壞，原廠保固一年</span></p><p><span style="color: rgb(33, 37, 41);">使用前請確實遵從產品說明書內之操作指示及注意事項</span></p><p><span style="color: rgb(33, 37, 41);">如需辦理退換貨，包裝與配件須完整(商品配件、包裝完整，無刮痕損傷)</span></p>', 1, 230, 0, 6, '["upload/demo/1673430871896.jpeg","upload/demo/1673430886736.jpeg","upload/demo/1673430895521.jpeg","upload/demo/1673430904999.jpeg","upload/demo/1673430915905.jpeg"]', '<p><span style="color: rgb(33, 37, 41);">· 依照消費者保護法規定，消費者享有商品到貨7日鑑賞期（包含例假日）之權益，7日鑑賞期並非「試用期」，並保持商品之完整。</span></p><p><span style="color: rgb(33, 37, 41);">· 為保障雙方權益，請您在拆封時務必全程錄影，以確保商品是否遺漏或破損。</span></p><p><span style="color: rgb(33, 37, 41);">· 基於衛生考量我們無法在任何已拆封或已使用的商品上進行更換。</span></p><p><span style="color: rgb(33, 37, 41);">本規範未盡之事宜麗鑫生技股份有限公司保有變更、補充、終止、解釋部份規範內容之權力，</span></p><p><span style="color: rgb(33, 37, 41);">並將以上述公告於官網之退換貨政策，以便提供會員詳閱。</span></p>', '<p><span style="color: rgb(33, 37, 41);">· 依照消費者保護法規定，消費者享有商品到貨7日鑑賞期（包含例假日）之權益，7日鑑賞期並非「試用期」，並保持商品之完整。</span></p><p><span style="color: rgb(33, 37, 41);">· 為保障雙方權益，請您在拆封時務必全程錄影，以確保商品是否遺漏或破損。</span></p><p><span style="color: rgb(33, 37, 41);">· 基於衛生考量我們無法在任何已拆封或已使用的商品上進行更換。</span></p><p><span style="color: rgb(33, 37, 41);">本規範未盡之事宜麗鑫生技股份有限公司保有變更、補充、終止、解釋部份規範內容之權力，</span></p><p><span style="color: rgb(33, 37, 41);">並將以上述公告於官網之退換貨政策，以便提供會員詳閱。</span></p>', '<p><span style="color: rgb(33, 37, 41);">宅配到家 ($ 100&nbsp;)&nbsp;&nbsp;/&nbsp;7-11 ($ 80&nbsp;)&nbsp;&nbsp;/&nbsp;全家 ($ 80&nbsp;)</span></p><p>＊ 實際運費依結帳頁面金額或到貨收款金額為準。</p>', '{}', 1, 0, '2023-01-10 05:31:11', '2023-01-10 05:31:11');
INSERT INTO demo.product (id, name, category_id, description, currency_id, price, special_price, max_quantity, pictures, return_policy, change_order_policy, delivery_policy, extra, is_enabled, is_custom_award_level, created_at, updated_at) VALUES (10, '咖啡因洗髮乳9', 6, '<p><span style="color: rgb(33, 37, 41);">｜特色｜</span></p><p><span style="color: rgb(33, 37, 41);">全機 400g，像隨行杯一樣好拿好帶好收納</span></p><p><span style="color: rgb(33, 37, 41);">一體成形，一手翻轉，想要的功能即刻到位</span></p><p><span style="color: rgb(33, 37, 41);">一秒速熱，專業級 MCH 高溫陶瓷發熱片</span></p><p><span style="color: rgb(33, 37, 41);">兩檔溫度 120 °/170 ° 拒絕溫感、秒平皺褶</span></p><p><span style="color: rgb(33, 37, 41);">高效率除毛球，6,500RPM 高轉速俐落乾淨</span></p><p><span style="color: rgb(33, 37, 41);">TYPE-C USB 規格全球通用，熨衣免找插座</span></p><p><span style="color: rgb(33, 37, 41);">8,000mAh 大容量電池，可為手機供應電能</span></p><p><span style="color: rgb(33, 37, 41);">搭載 NTC 感溫探頭，過熱自動斷電保護安全</span></p><p><br></p><p><span style="color: rgb(33, 37, 41);">｜規格｜</span></p><p><span style="color: rgb(33, 37, 41);">額定電壓/電流：DC5V/1.5A</span></p><p><span style="color: rgb(33, 37, 41);">功率：熨燙 130W／除毛球 20W</span></p><p><span style="color: rgb(33, 37, 41);">電池規格：內建18650鋰電池8000mAh</span></p><p><span style="color: rgb(33, 37, 41);">熨燙板溫度：120 ／ 170度C</span></p><p><span style="color: rgb(33, 37, 41);">除毛球機轉速：6500 rpm</span></p><p><span style="color: rgb(33, 37, 41);">充電時間：約6小時</span></p><p><span style="color: rgb(33, 37, 41);">使用時間：熨燙約30min、除毛球25HR</span></p><p><span style="color: rgb(33, 37, 41);">材質：機身 ABS+PC塑料／蓋子 矽膠／刀片 不鏽鋼／面板 鋁鑄陶瓷塗層／隔熱墊 麗絲絨</span></p><p><br></p><p><span style="color: rgb(33, 37, 41);">｜保固說明｜</span></p><p><span style="color: rgb(33, 37, 41);">非人為因素之損壞，原廠保固一年</span></p><p><span style="color: rgb(33, 37, 41);">使用前請確實遵從產品說明書內之操作指示及注意事項</span></p><p><span style="color: rgb(33, 37, 41);">如需辦理退換貨，包裝與配件須完整(商品配件、包裝完整，無刮痕損傷)</span></p>', 1, 230, 0, 6, '["upload/demo/1673430871896.jpeg","upload/demo/1673430886736.jpeg","upload/demo/1673430895521.jpeg","upload/demo/1673430904999.jpeg","upload/demo/1673430915905.jpeg"]', '<p><span style="color: rgb(33, 37, 41);">· 依照消費者保護法規定，消費者享有商品到貨7日鑑賞期（包含例假日）之權益，7日鑑賞期並非「試用期」，並保持商品之完整。</span></p><p><span style="color: rgb(33, 37, 41);">· 為保障雙方權益，請您在拆封時務必全程錄影，以確保商品是否遺漏或破損。</span></p><p><span style="color: rgb(33, 37, 41);">· 基於衛生考量我們無法在任何已拆封或已使用的商品上進行更換。</span></p><p><span style="color: rgb(33, 37, 41);">本規範未盡之事宜麗鑫生技股份有限公司保有變更、補充、終止、解釋部份規範內容之權力，</span></p><p><span style="color: rgb(33, 37, 41);">並將以上述公告於官網之退換貨政策，以便提供會員詳閱。</span></p>', '<p><span style="color: rgb(33, 37, 41);">· 依照消費者保護法規定，消費者享有商品到貨7日鑑賞期（包含例假日）之權益，7日鑑賞期並非「試用期」，並保持商品之完整。</span></p><p><span style="color: rgb(33, 37, 41);">· 為保障雙方權益，請您在拆封時務必全程錄影，以確保商品是否遺漏或破損。</span></p><p><span style="color: rgb(33, 37, 41);">· 基於衛生考量我們無法在任何已拆封或已使用的商品上進行更換。</span></p><p><span style="color: rgb(33, 37, 41);">本規範未盡之事宜麗鑫生技股份有限公司保有變更、補充、終止、解釋部份規範內容之權力，</span></p><p><span style="color: rgb(33, 37, 41);">並將以上述公告於官網之退換貨政策，以便提供會員詳閱。</span></p>', '<p><span style="color: rgb(33, 37, 41);">宅配到家 ($ 100&nbsp;)&nbsp;&nbsp;/&nbsp;7-11 ($ 80&nbsp;)&nbsp;&nbsp;/&nbsp;全家 ($ 80&nbsp;)</span></p><p>＊ 實際運費依結帳頁面金額或到貨收款金額為準。</p>', '{}', 1, 0, '2023-01-10 05:30:39', '2023-01-10 05:30:39');
INSERT INTO demo.product (id, name, category_id, description, currency_id, price, special_price, max_quantity, pictures, return_policy, change_order_policy, delivery_policy, extra, is_enabled, is_custom_award_level, created_at, updated_at) VALUES (11, '咖啡因洗髮乳10', 6, '<p><span style="color: rgb(33, 37, 41);">｜特色｜</span></p><p><span style="color: rgb(33, 37, 41);">全機 400g，像隨行杯一樣好拿好帶好收納</span></p><p><span style="color: rgb(33, 37, 41);">一體成形，一手翻轉，想要的功能即刻到位</span></p><p><span style="color: rgb(33, 37, 41);">一秒速熱，專業級 MCH 高溫陶瓷發熱片</span></p><p><span style="color: rgb(33, 37, 41);">兩檔溫度 120 °/170 ° 拒絕溫感、秒平皺褶</span></p><p><span style="color: rgb(33, 37, 41);">高效率除毛球，6,500RPM 高轉速俐落乾淨</span></p><p><span style="color: rgb(33, 37, 41);">TYPE-C USB 規格全球通用，熨衣免找插座</span></p><p><span style="color: rgb(33, 37, 41);">8,000mAh 大容量電池，可為手機供應電能</span></p><p><span style="color: rgb(33, 37, 41);">搭載 NTC 感溫探頭，過熱自動斷電保護安全</span></p><p><br></p><p><span style="color: rgb(33, 37, 41);">｜規格｜</span></p><p><span style="color: rgb(33, 37, 41);">額定電壓/電流：DC5V/1.5A</span></p><p><span style="color: rgb(33, 37, 41);">功率：熨燙 130W／除毛球 20W</span></p><p><span style="color: rgb(33, 37, 41);">電池規格：內建18650鋰電池8000mAh</span></p><p><span style="color: rgb(33, 37, 41);">熨燙板溫度：120 ／ 170度C</span></p><p><span style="color: rgb(33, 37, 41);">除毛球機轉速：6500 rpm</span></p><p><span style="color: rgb(33, 37, 41);">充電時間：約6小時</span></p><p><span style="color: rgb(33, 37, 41);">使用時間：熨燙約30min、除毛球25HR</span></p><p><span style="color: rgb(33, 37, 41);">材質：機身 ABS+PC塑料／蓋子 矽膠／刀片 不鏽鋼／面板 鋁鑄陶瓷塗層／隔熱墊 麗絲絨</span></p><p><br></p><p><span style="color: rgb(33, 37, 41);">｜保固說明｜</span></p><p><span style="color: rgb(33, 37, 41);">非人為因素之損壞，原廠保固一年</span></p><p><span style="color: rgb(33, 37, 41);">使用前請確實遵從產品說明書內之操作指示及注意事項</span></p><p><span style="color: rgb(33, 37, 41);">如需辦理退換貨，包裝與配件須完整(商品配件、包裝完整，無刮痕損傷)</span></p>', 1, 230, 200, 6, '["upload/demo/1673430871896.jpeg","upload/demo/1673430886736.jpeg","upload/demo/1673430895521.jpeg","upload/demo/1673430904999.jpeg","upload/demo/1673430915905.jpeg"]', '<p><span style="color: rgb(33, 37, 41);">· 依照消費者保護法規定，消費者享有商品到貨7日鑑賞期（包含例假日）之權益，7日鑑賞期並非「試用期」，並保持商品之完整。</span></p><p><span style="color: rgb(33, 37, 41);">· 為保障雙方權益，請您在拆封時務必全程錄影，以確保商品是否遺漏或破損。</span></p><p><span style="color: rgb(33, 37, 41);">· 基於衛生考量我們無法在任何已拆封或已使用的商品上進行更換。</span></p><p><span style="color: rgb(33, 37, 41);">本規範未盡之事宜麗鑫生技股份有限公司保有變更、補充、終止、解釋部份規範內容之權力，</span></p><p><span style="color: rgb(33, 37, 41);">並將以上述公告於官網之退換貨政策，以便提供會員詳閱。</span></p>', '<p><span style="color: rgb(33, 37, 41);">· 依照消費者保護法規定，消費者享有商品到貨7日鑑賞期（包含例假日）之權益，7日鑑賞期並非「試用期」，並保持商品之完整。</span></p><p><span style="color: rgb(33, 37, 41);">· 為保障雙方權益，請您在拆封時務必全程錄影，以確保商品是否遺漏或破損。</span></p><p><span style="color: rgb(33, 37, 41);">· 基於衛生考量我們無法在任何已拆封或已使用的商品上進行更換。</span></p><p><span style="color: rgb(33, 37, 41);">本規範未盡之事宜麗鑫生技股份有限公司保有變更、補充、終止、解釋部份規範內容之權力，</span></p><p><span style="color: rgb(33, 37, 41);">並將以上述公告於官網之退換貨政策，以便提供會員詳閱。</span></p>', '<p><span style="color: rgb(33, 37, 41);">宅配到家 ($ 100&nbsp;)&nbsp;&nbsp;/&nbsp;7-11 ($ 80&nbsp;)&nbsp;&nbsp;/&nbsp;全家 ($ 80&nbsp;)</span></p><p>＊ 實際運費依結帳頁面金額或到貨收款金額為準。</p>', '{}', 1, 0, '2023-01-10 05:30:55', '2023-01-10 05:30:55');
INSERT INTO demo.product (id, name, category_id, description, currency_id, price, special_price, max_quantity, pictures, return_policy, change_order_policy, delivery_policy, extra, is_enabled, is_custom_award_level, created_at, updated_at) VALUES (12, '咖啡因洗髮乳11', 6, '<p><span style="color: rgb(33, 37, 41);">｜特色｜</span></p><p><span style="color: rgb(33, 37, 41);">全機 400g，像隨行杯一樣好拿好帶好收納</span></p><p><span style="color: rgb(33, 37, 41);">一體成形，一手翻轉，想要的功能即刻到位</span></p><p><span style="color: rgb(33, 37, 41);">一秒速熱，專業級 MCH 高溫陶瓷發熱片</span></p><p><span style="color: rgb(33, 37, 41);">兩檔溫度 120 °/170 ° 拒絕溫感、秒平皺褶</span></p><p><span style="color: rgb(33, 37, 41);">高效率除毛球，6,500RPM 高轉速俐落乾淨</span></p><p><span style="color: rgb(33, 37, 41);">TYPE-C USB 規格全球通用，熨衣免找插座</span></p><p><span style="color: rgb(33, 37, 41);">8,000mAh 大容量電池，可為手機供應電能</span></p><p><span style="color: rgb(33, 37, 41);">搭載 NTC 感溫探頭，過熱自動斷電保護安全</span></p><p><br></p><p><span style="color: rgb(33, 37, 41);">｜規格｜</span></p><p><span style="color: rgb(33, 37, 41);">額定電壓/電流：DC5V/1.5A</span></p><p><span style="color: rgb(33, 37, 41);">功率：熨燙 130W／除毛球 20W</span></p><p><span style="color: rgb(33, 37, 41);">電池規格：內建18650鋰電池8000mAh</span></p><p><span style="color: rgb(33, 37, 41);">熨燙板溫度：120 ／ 170度C</span></p><p><span style="color: rgb(33, 37, 41);">除毛球機轉速：6500 rpm</span></p><p><span style="color: rgb(33, 37, 41);">充電時間：約6小時</span></p><p><span style="color: rgb(33, 37, 41);">使用時間：熨燙約30min、除毛球25HR</span></p><p><span style="color: rgb(33, 37, 41);">材質：機身 ABS+PC塑料／蓋子 矽膠／刀片 不鏽鋼／面板 鋁鑄陶瓷塗層／隔熱墊 麗絲絨</span></p><p><br></p><p><span style="color: rgb(33, 37, 41);">｜保固說明｜</span></p><p><span style="color: rgb(33, 37, 41);">非人為因素之損壞，原廠保固一年</span></p><p><span style="color: rgb(33, 37, 41);">使用前請確實遵從產品說明書內之操作指示及注意事項</span></p><p><span style="color: rgb(33, 37, 41);">如需辦理退換貨，包裝與配件須完整(商品配件、包裝完整，無刮痕損傷)</span></p>', 1, 230, 0, 6, '["upload/demo/1673430871896.jpeg","upload/demo/1673430886736.jpeg","upload/demo/1673430895521.jpeg","upload/demo/1673430904999.jpeg","upload/demo/1673430915905.jpeg"]', '<p><span style="color: rgb(33, 37, 41);">· 依照消費者保護法規定，消費者享有商品到貨7日鑑賞期（包含例假日）之權益，7日鑑賞期並非「試用期」，並保持商品之完整。</span></p><p><span style="color: rgb(33, 37, 41);">· 為保障雙方權益，請您在拆封時務必全程錄影，以確保商品是否遺漏或破損。</span></p><p><span style="color: rgb(33, 37, 41);">· 基於衛生考量我們無法在任何已拆封或已使用的商品上進行更換。</span></p><p><span style="color: rgb(33, 37, 41);">本規範未盡之事宜麗鑫生技股份有限公司保有變更、補充、終止、解釋部份規範內容之權力，</span></p><p><span style="color: rgb(33, 37, 41);">並將以上述公告於官網之退換貨政策，以便提供會員詳閱。</span></p>', '<p><span style="color: rgb(33, 37, 41);">· 依照消費者保護法規定，消費者享有商品到貨7日鑑賞期（包含例假日）之權益，7日鑑賞期並非「試用期」，並保持商品之完整。</span></p><p><span style="color: rgb(33, 37, 41);">· 為保障雙方權益，請您在拆封時務必全程錄影，以確保商品是否遺漏或破損。</span></p><p><span style="color: rgb(33, 37, 41);">· 基於衛生考量我們無法在任何已拆封或已使用的商品上進行更換。</span></p><p><span style="color: rgb(33, 37, 41);">本規範未盡之事宜麗鑫生技股份有限公司保有變更、補充、終止、解釋部份規範內容之權力，</span></p><p><span style="color: rgb(33, 37, 41);">並將以上述公告於官網之退換貨政策，以便提供會員詳閱。</span></p>', '<p><span style="color: rgb(33, 37, 41);">宅配到家 ($ 100&nbsp;)&nbsp;&nbsp;/&nbsp;7-11 ($ 80&nbsp;)&nbsp;&nbsp;/&nbsp;全家 ($ 80&nbsp;)</span></p><p>＊ 實際運費依結帳頁面金額或到貨收款金額為準。</p>', '{}', 1, 0, '2023-01-10 05:31:10', '2023-01-10 05:31:10');
INSERT INTO demo.product (id, name, category_id, description, currency_id, price, special_price, max_quantity, pictures, return_policy, change_order_policy, delivery_policy, extra, is_enabled, is_custom_award_level, created_at, updated_at) VALUES (13, '咖啡因洗髮乳12', 6, '<p><span style="color: rgb(33, 37, 41);">｜特色｜</span></p><p><span style="color: rgb(33, 37, 41);">全機 400g，像隨行杯一樣好拿好帶好收納</span></p><p><span style="color: rgb(33, 37, 41);">一體成形，一手翻轉，想要的功能即刻到位</span></p><p><span style="color: rgb(33, 37, 41);">一秒速熱，專業級 MCH 高溫陶瓷發熱片</span></p><p><span style="color: rgb(33, 37, 41);">兩檔溫度 120 °/170 ° 拒絕溫感、秒平皺褶</span></p><p><span style="color: rgb(33, 37, 41);">高效率除毛球，6,500RPM 高轉速俐落乾淨</span></p><p><span style="color: rgb(33, 37, 41);">TYPE-C USB 規格全球通用，熨衣免找插座</span></p><p><span style="color: rgb(33, 37, 41);">8,000mAh 大容量電池，可為手機供應電能</span></p><p><span style="color: rgb(33, 37, 41);">搭載 NTC 感溫探頭，過熱自動斷電保護安全</span></p><p><br></p><p><span style="color: rgb(33, 37, 41);">｜規格｜</span></p><p><span style="color: rgb(33, 37, 41);">額定電壓/電流：DC5V/1.5A</span></p><p><span style="color: rgb(33, 37, 41);">功率：熨燙 130W／除毛球 20W</span></p><p><span style="color: rgb(33, 37, 41);">電池規格：內建18650鋰電池8000mAh</span></p><p><span style="color: rgb(33, 37, 41);">熨燙板溫度：120 ／ 170度C</span></p><p><span style="color: rgb(33, 37, 41);">除毛球機轉速：6500 rpm</span></p><p><span style="color: rgb(33, 37, 41);">充電時間：約6小時</span></p><p><span style="color: rgb(33, 37, 41);">使用時間：熨燙約30min、除毛球25HR</span></p><p><span style="color: rgb(33, 37, 41);">材質：機身 ABS+PC塑料／蓋子 矽膠／刀片 不鏽鋼／面板 鋁鑄陶瓷塗層／隔熱墊 麗絲絨</span></p><p><br></p><p><span style="color: rgb(33, 37, 41);">｜保固說明｜</span></p><p><span style="color: rgb(33, 37, 41);">非人為因素之損壞，原廠保固一年</span></p><p><span style="color: rgb(33, 37, 41);">使用前請確實遵從產品說明書內之操作指示及注意事項</span></p><p><span style="color: rgb(33, 37, 41);">如需辦理退換貨，包裝與配件須完整(商品配件、包裝完整，無刮痕損傷)</span></p>', 1, 230, 0, 6, '["upload/demo/1673430871896.jpeg","upload/demo/1673430886736.jpeg","upload/demo/1673430895521.jpeg","upload/demo/1673430904999.jpeg","upload/demo/1673430915905.jpeg"]', '<p><span style="color: rgb(33, 37, 41);">· 依照消費者保護法規定，消費者享有商品到貨7日鑑賞期（包含例假日）之權益，7日鑑賞期並非「試用期」，並保持商品之完整。</span></p><p><span style="color: rgb(33, 37, 41);">· 為保障雙方權益，請您在拆封時務必全程錄影，以確保商品是否遺漏或破損。</span></p><p><span style="color: rgb(33, 37, 41);">· 基於衛生考量我們無法在任何已拆封或已使用的商品上進行更換。</span></p><p><span style="color: rgb(33, 37, 41);">本規範未盡之事宜麗鑫生技股份有限公司保有變更、補充、終止、解釋部份規範內容之權力，</span></p><p><span style="color: rgb(33, 37, 41);">並將以上述公告於官網之退換貨政策，以便提供會員詳閱。</span></p>', '<p><span style="color: rgb(33, 37, 41);">· 依照消費者保護法規定，消費者享有商品到貨7日鑑賞期（包含例假日）之權益，7日鑑賞期並非「試用期」，並保持商品之完整。</span></p><p><span style="color: rgb(33, 37, 41);">· 為保障雙方權益，請您在拆封時務必全程錄影，以確保商品是否遺漏或破損。</span></p><p><span style="color: rgb(33, 37, 41);">· 基於衛生考量我們無法在任何已拆封或已使用的商品上進行更換。</span></p><p><span style="color: rgb(33, 37, 41);">本規範未盡之事宜麗鑫生技股份有限公司保有變更、補充、終止、解釋部份規範內容之權力，</span></p><p><span style="color: rgb(33, 37, 41);">並將以上述公告於官網之退換貨政策，以便提供會員詳閱。</span></p>', '<p><span style="color: rgb(33, 37, 41);">宅配到家 ($ 100&nbsp;)&nbsp;&nbsp;/&nbsp;7-11 ($ 80&nbsp;)&nbsp;&nbsp;/&nbsp;全家 ($ 80&nbsp;)</span></p><p>＊ 實際運費依結帳頁面金額或到貨收款金額為準。</p>', '{}', 1, 0, '2023-01-10 05:31:11', '2023-01-10 05:31:11');
INSERT INTO demo.product (id, name, category_id, description, currency_id, price, special_price, max_quantity, pictures, return_policy, change_order_policy, delivery_policy, extra, is_enabled, is_custom_award_level, created_at, updated_at) VALUES (14, '咖啡因洗髮乳13', 7, '<p><span style="color: rgb(33, 37, 41);">｜特色｜</span></p><p><span style="color: rgb(33, 37, 41);">全機 400g，像隨行杯一樣好拿好帶好收納</span></p><p><span style="color: rgb(33, 37, 41);">一體成形，一手翻轉，想要的功能即刻到位</span></p><p><span style="color: rgb(33, 37, 41);">一秒速熱，專業級 MCH 高溫陶瓷發熱片</span></p><p><span style="color: rgb(33, 37, 41);">兩檔溫度 120 °/170 ° 拒絕溫感、秒平皺褶</span></p><p><span style="color: rgb(33, 37, 41);">高效率除毛球，6,500RPM 高轉速俐落乾淨</span></p><p><span style="color: rgb(33, 37, 41);">TYPE-C USB 規格全球通用，熨衣免找插座</span></p><p><span style="color: rgb(33, 37, 41);">8,000mAh 大容量電池，可為手機供應電能</span></p><p><span style="color: rgb(33, 37, 41);">搭載 NTC 感溫探頭，過熱自動斷電保護安全</span></p><p><br></p><p><span style="color: rgb(33, 37, 41);">｜規格｜</span></p><p><span style="color: rgb(33, 37, 41);">額定電壓/電流：DC5V/1.5A</span></p><p><span style="color: rgb(33, 37, 41);">功率：熨燙 130W／除毛球 20W</span></p><p><span style="color: rgb(33, 37, 41);">電池規格：內建18650鋰電池8000mAh</span></p><p><span style="color: rgb(33, 37, 41);">熨燙板溫度：120 ／ 170度C</span></p><p><span style="color: rgb(33, 37, 41);">除毛球機轉速：6500 rpm</span></p><p><span style="color: rgb(33, 37, 41);">充電時間：約6小時</span></p><p><span style="color: rgb(33, 37, 41);">使用時間：熨燙約30min、除毛球25HR</span></p><p><span style="color: rgb(33, 37, 41);">材質：機身 ABS+PC塑料／蓋子 矽膠／刀片 不鏽鋼／面板 鋁鑄陶瓷塗層／隔熱墊 麗絲絨</span></p><p><br></p><p><span style="color: rgb(33, 37, 41);">｜保固說明｜</span></p><p><span style="color: rgb(33, 37, 41);">非人為因素之損壞，原廠保固一年</span></p><p><span style="color: rgb(33, 37, 41);">使用前請確實遵從產品說明書內之操作指示及注意事項</span></p><p><span style="color: rgb(33, 37, 41);">如需辦理退換貨，包裝與配件須完整(商品配件、包裝完整，無刮痕損傷)</span></p>', 1, 230, 0, 6, '["upload/demo/1673430871896.jpeg","upload/demo/1673430886736.jpeg","upload/demo/1673430895521.jpeg","upload/demo/1673430904999.jpeg","upload/demo/1673430915905.jpeg"]', '<p><span style="color: rgb(33, 37, 41);">· 依照消費者保護法規定，消費者享有商品到貨7日鑑賞期（包含例假日）之權益，7日鑑賞期並非「試用期」，並保持商品之完整。</span></p><p><span style="color: rgb(33, 37, 41);">· 為保障雙方權益，請您在拆封時務必全程錄影，以確保商品是否遺漏或破損。</span></p><p><span style="color: rgb(33, 37, 41);">· 基於衛生考量我們無法在任何已拆封或已使用的商品上進行更換。</span></p><p><span style="color: rgb(33, 37, 41);">本規範未盡之事宜麗鑫生技股份有限公司保有變更、補充、終止、解釋部份規範內容之權力，</span></p><p><span style="color: rgb(33, 37, 41);">並將以上述公告於官網之退換貨政策，以便提供會員詳閱。</span></p>', '<p><span style="color: rgb(33, 37, 41);">· 依照消費者保護法規定，消費者享有商品到貨7日鑑賞期（包含例假日）之權益，7日鑑賞期並非「試用期」，並保持商品之完整。</span></p><p><span style="color: rgb(33, 37, 41);">· 為保障雙方權益，請您在拆封時務必全程錄影，以確保商品是否遺漏或破損。</span></p><p><span style="color: rgb(33, 37, 41);">· 基於衛生考量我們無法在任何已拆封或已使用的商品上進行更換。</span></p><p><span style="color: rgb(33, 37, 41);">本規範未盡之事宜麗鑫生技股份有限公司保有變更、補充、終止、解釋部份規範內容之權力，</span></p><p><span style="color: rgb(33, 37, 41);">並將以上述公告於官網之退換貨政策，以便提供會員詳閱。</span></p>', '<p><span style="color: rgb(33, 37, 41);">宅配到家 ($ 100&nbsp;)&nbsp;&nbsp;/&nbsp;7-11 ($ 80&nbsp;)&nbsp;&nbsp;/&nbsp;全家 ($ 80&nbsp;)</span></p><p>＊ 實際運費依結帳頁面金額或到貨收款金額為準。</p>', '{}', 1, 0, '2023-01-10 05:30:39', '2023-01-10 05:30:39');
INSERT INTO demo.product (id, name, category_id, description, currency_id, price, special_price, max_quantity, pictures, return_policy, change_order_policy, delivery_policy, extra, is_enabled, is_custom_award_level, created_at, updated_at) VALUES (15, '咖啡因洗髮乳14', 7, '<p><span style="color: rgb(33, 37, 41);">｜特色｜</span></p><p><span style="color: rgb(33, 37, 41);">全機 400g，像隨行杯一樣好拿好帶好收納</span></p><p><span style="color: rgb(33, 37, 41);">一體成形，一手翻轉，想要的功能即刻到位</span></p><p><span style="color: rgb(33, 37, 41);">一秒速熱，專業級 MCH 高溫陶瓷發熱片</span></p><p><span style="color: rgb(33, 37, 41);">兩檔溫度 120 °/170 ° 拒絕溫感、秒平皺褶</span></p><p><span style="color: rgb(33, 37, 41);">高效率除毛球，6,500RPM 高轉速俐落乾淨</span></p><p><span style="color: rgb(33, 37, 41);">TYPE-C USB 規格全球通用，熨衣免找插座</span></p><p><span style="color: rgb(33, 37, 41);">8,000mAh 大容量電池，可為手機供應電能</span></p><p><span style="color: rgb(33, 37, 41);">搭載 NTC 感溫探頭，過熱自動斷電保護安全</span></p><p><br></p><p><span style="color: rgb(33, 37, 41);">｜規格｜</span></p><p><span style="color: rgb(33, 37, 41);">額定電壓/電流：DC5V/1.5A</span></p><p><span style="color: rgb(33, 37, 41);">功率：熨燙 130W／除毛球 20W</span></p><p><span style="color: rgb(33, 37, 41);">電池規格：內建18650鋰電池8000mAh</span></p><p><span style="color: rgb(33, 37, 41);">熨燙板溫度：120 ／ 170度C</span></p><p><span style="color: rgb(33, 37, 41);">除毛球機轉速：6500 rpm</span></p><p><span style="color: rgb(33, 37, 41);">充電時間：約6小時</span></p><p><span style="color: rgb(33, 37, 41);">使用時間：熨燙約30min、除毛球25HR</span></p><p><span style="color: rgb(33, 37, 41);">材質：機身 ABS+PC塑料／蓋子 矽膠／刀片 不鏽鋼／面板 鋁鑄陶瓷塗層／隔熱墊 麗絲絨</span></p><p><br></p><p><span style="color: rgb(33, 37, 41);">｜保固說明｜</span></p><p><span style="color: rgb(33, 37, 41);">非人為因素之損壞，原廠保固一年</span></p><p><span style="color: rgb(33, 37, 41);">使用前請確實遵從產品說明書內之操作指示及注意事項</span></p><p><span style="color: rgb(33, 37, 41);">如需辦理退換貨，包裝與配件須完整(商品配件、包裝完整，無刮痕損傷)</span></p>', 1, 230, 200, 6, '["upload/demo/1673430871896.jpeg","upload/demo/1673430886736.jpeg","upload/demo/1673430895521.jpeg","upload/demo/1673430904999.jpeg","upload/demo/1673430915905.jpeg"]', '<p><span style="color: rgb(33, 37, 41);">· 依照消費者保護法規定，消費者享有商品到貨7日鑑賞期（包含例假日）之權益，7日鑑賞期並非「試用期」，並保持商品之完整。</span></p><p><span style="color: rgb(33, 37, 41);">· 為保障雙方權益，請您在拆封時務必全程錄影，以確保商品是否遺漏或破損。</span></p><p><span style="color: rgb(33, 37, 41);">· 基於衛生考量我們無法在任何已拆封或已使用的商品上進行更換。</span></p><p><span style="color: rgb(33, 37, 41);">本規範未盡之事宜麗鑫生技股份有限公司保有變更、補充、終止、解釋部份規範內容之權力，</span></p><p><span style="color: rgb(33, 37, 41);">並將以上述公告於官網之退換貨政策，以便提供會員詳閱。</span></p>', '<p><span style="color: rgb(33, 37, 41);">· 依照消費者保護法規定，消費者享有商品到貨7日鑑賞期（包含例假日）之權益，7日鑑賞期並非「試用期」，並保持商品之完整。</span></p><p><span style="color: rgb(33, 37, 41);">· 為保障雙方權益，請您在拆封時務必全程錄影，以確保商品是否遺漏或破損。</span></p><p><span style="color: rgb(33, 37, 41);">· 基於衛生考量我們無法在任何已拆封或已使用的商品上進行更換。</span></p><p><span style="color: rgb(33, 37, 41);">本規範未盡之事宜麗鑫生技股份有限公司保有變更、補充、終止、解釋部份規範內容之權力，</span></p><p><span style="color: rgb(33, 37, 41);">並將以上述公告於官網之退換貨政策，以便提供會員詳閱。</span></p>', '<p><span style="color: rgb(33, 37, 41);">宅配到家 ($ 100&nbsp;)&nbsp;&nbsp;/&nbsp;7-11 ($ 80&nbsp;)&nbsp;&nbsp;/&nbsp;全家 ($ 80&nbsp;)</span></p><p>＊ 實際運費依結帳頁面金額或到貨收款金額為準。</p>', '{}', 1, 0, '2023-01-10 05:30:55', '2023-01-10 05:30:55');
INSERT INTO demo.product (id, name, category_id, description, currency_id, price, special_price, max_quantity, pictures, return_policy, change_order_policy, delivery_policy, extra, is_enabled, is_custom_award_level, created_at, updated_at) VALUES (16, '咖啡因洗髮乳15', 7, '<p><span style="color: rgb(33, 37, 41);">｜特色｜</span></p><p><span style="color: rgb(33, 37, 41);">全機 400g，像隨行杯一樣好拿好帶好收納</span></p><p><span style="color: rgb(33, 37, 41);">一體成形，一手翻轉，想要的功能即刻到位</span></p><p><span style="color: rgb(33, 37, 41);">一秒速熱，專業級 MCH 高溫陶瓷發熱片</span></p><p><span style="color: rgb(33, 37, 41);">兩檔溫度 120 °/170 ° 拒絕溫感、秒平皺褶</span></p><p><span style="color: rgb(33, 37, 41);">高效率除毛球，6,500RPM 高轉速俐落乾淨</span></p><p><span style="color: rgb(33, 37, 41);">TYPE-C USB 規格全球通用，熨衣免找插座</span></p><p><span style="color: rgb(33, 37, 41);">8,000mAh 大容量電池，可為手機供應電能</span></p><p><span style="color: rgb(33, 37, 41);">搭載 NTC 感溫探頭，過熱自動斷電保護安全</span></p><p><br></p><p><span style="color: rgb(33, 37, 41);">｜規格｜</span></p><p><span style="color: rgb(33, 37, 41);">額定電壓/電流：DC5V/1.5A</span></p><p><span style="color: rgb(33, 37, 41);">功率：熨燙 130W／除毛球 20W</span></p><p><span style="color: rgb(33, 37, 41);">電池規格：內建18650鋰電池8000mAh</span></p><p><span style="color: rgb(33, 37, 41);">熨燙板溫度：120 ／ 170度C</span></p><p><span style="color: rgb(33, 37, 41);">除毛球機轉速：6500 rpm</span></p><p><span style="color: rgb(33, 37, 41);">充電時間：約6小時</span></p><p><span style="color: rgb(33, 37, 41);">使用時間：熨燙約30min、除毛球25HR</span></p><p><span style="color: rgb(33, 37, 41);">材質：機身 ABS+PC塑料／蓋子 矽膠／刀片 不鏽鋼／面板 鋁鑄陶瓷塗層／隔熱墊 麗絲絨</span></p><p><br></p><p><span style="color: rgb(33, 37, 41);">｜保固說明｜</span></p><p><span style="color: rgb(33, 37, 41);">非人為因素之損壞，原廠保固一年</span></p><p><span style="color: rgb(33, 37, 41);">使用前請確實遵從產品說明書內之操作指示及注意事項</span></p><p><span style="color: rgb(33, 37, 41);">如需辦理退換貨，包裝與配件須完整(商品配件、包裝完整，無刮痕損傷)</span></p>', 1, 230, 0, 6, '["upload/demo/1673430871896.jpeg","upload/demo/1673430886736.jpeg","upload/demo/1673430895521.jpeg","upload/demo/1673430904999.jpeg","upload/demo/1673430915905.jpeg"]', '<p><span style="color: rgb(33, 37, 41);">· 依照消費者保護法規定，消費者享有商品到貨7日鑑賞期（包含例假日）之權益，7日鑑賞期並非「試用期」，並保持商品之完整。</span></p><p><span style="color: rgb(33, 37, 41);">· 為保障雙方權益，請您在拆封時務必全程錄影，以確保商品是否遺漏或破損。</span></p><p><span style="color: rgb(33, 37, 41);">· 基於衛生考量我們無法在任何已拆封或已使用的商品上進行更換。</span></p><p><span style="color: rgb(33, 37, 41);">本規範未盡之事宜麗鑫生技股份有限公司保有變更、補充、終止、解釋部份規範內容之權力，</span></p><p><span style="color: rgb(33, 37, 41);">並將以上述公告於官網之退換貨政策，以便提供會員詳閱。</span></p>', '<p><span style="color: rgb(33, 37, 41);">· 依照消費者保護法規定，消費者享有商品到貨7日鑑賞期（包含例假日）之權益，7日鑑賞期並非「試用期」，並保持商品之完整。</span></p><p><span style="color: rgb(33, 37, 41);">· 為保障雙方權益，請您在拆封時務必全程錄影，以確保商品是否遺漏或破損。</span></p><p><span style="color: rgb(33, 37, 41);">· 基於衛生考量我們無法在任何已拆封或已使用的商品上進行更換。</span></p><p><span style="color: rgb(33, 37, 41);">本規範未盡之事宜麗鑫生技股份有限公司保有變更、補充、終止、解釋部份規範內容之權力，</span></p><p><span style="color: rgb(33, 37, 41);">並將以上述公告於官網之退換貨政策，以便提供會員詳閱。</span></p>', '<p><span style="color: rgb(33, 37, 41);">宅配到家 ($ 100&nbsp;)&nbsp;&nbsp;/&nbsp;7-11 ($ 80&nbsp;)&nbsp;&nbsp;/&nbsp;全家 ($ 80&nbsp;)</span></p><p>＊ 實際運費依結帳頁面金額或到貨收款金額為準。</p>', '{}', 1, 0, '2023-01-10 05:31:10', '2023-01-10 05:31:10');
INSERT INTO demo.product (id, name, category_id, description, currency_id, price, special_price, max_quantity, pictures, return_policy, change_order_policy, delivery_policy, extra, is_enabled, is_custom_award_level, created_at, updated_at) VALUES (17, '咖啡因洗髮乳16', 7, '<p><span style="color: rgb(33, 37, 41);">｜特色｜</span></p><p><span style="color: rgb(33, 37, 41);">全機 400g，像隨行杯一樣好拿好帶好收納</span></p><p><span style="color: rgb(33, 37, 41);">一體成形，一手翻轉，想要的功能即刻到位</span></p><p><span style="color: rgb(33, 37, 41);">一秒速熱，專業級 MCH 高溫陶瓷發熱片</span></p><p><span style="color: rgb(33, 37, 41);">兩檔溫度 120 °/170 ° 拒絕溫感、秒平皺褶</span></p><p><span style="color: rgb(33, 37, 41);">高效率除毛球，6,500RPM 高轉速俐落乾淨</span></p><p><span style="color: rgb(33, 37, 41);">TYPE-C USB 規格全球通用，熨衣免找插座</span></p><p><span style="color: rgb(33, 37, 41);">8,000mAh 大容量電池，可為手機供應電能</span></p><p><span style="color: rgb(33, 37, 41);">搭載 NTC 感溫探頭，過熱自動斷電保護安全</span></p><p><br></p><p><span style="color: rgb(33, 37, 41);">｜規格｜</span></p><p><span style="color: rgb(33, 37, 41);">額定電壓/電流：DC5V/1.5A</span></p><p><span style="color: rgb(33, 37, 41);">功率：熨燙 130W／除毛球 20W</span></p><p><span style="color: rgb(33, 37, 41);">電池規格：內建18650鋰電池8000mAh</span></p><p><span style="color: rgb(33, 37, 41);">熨燙板溫度：120 ／ 170度C</span></p><p><span style="color: rgb(33, 37, 41);">除毛球機轉速：6500 rpm</span></p><p><span style="color: rgb(33, 37, 41);">充電時間：約6小時</span></p><p><span style="color: rgb(33, 37, 41);">使用時間：熨燙約30min、除毛球25HR</span></p><p><span style="color: rgb(33, 37, 41);">材質：機身 ABS+PC塑料／蓋子 矽膠／刀片 不鏽鋼／面板 鋁鑄陶瓷塗層／隔熱墊 麗絲絨</span></p><p><br></p><p><span style="color: rgb(33, 37, 41);">｜保固說明｜</span></p><p><span style="color: rgb(33, 37, 41);">非人為因素之損壞，原廠保固一年</span></p><p><span style="color: rgb(33, 37, 41);">使用前請確實遵從產品說明書內之操作指示及注意事項</span></p><p><span style="color: rgb(33, 37, 41);">如需辦理退換貨，包裝與配件須完整(商品配件、包裝完整，無刮痕損傷)</span></p>', 1, 230, 0, 6, '["upload/demo/1673430871896.jpeg","upload/demo/1673430886736.jpeg","upload/demo/1673430895521.jpeg","upload/demo/1673430904999.jpeg","upload/demo/1673430915905.jpeg"]', '<p><span style="color: rgb(33, 37, 41);">· 依照消費者保護法規定，消費者享有商品到貨7日鑑賞期（包含例假日）之權益，7日鑑賞期並非「試用期」，並保持商品之完整。</span></p><p><span style="color: rgb(33, 37, 41);">· 為保障雙方權益，請您在拆封時務必全程錄影，以確保商品是否遺漏或破損。</span></p><p><span style="color: rgb(33, 37, 41);">· 基於衛生考量我們無法在任何已拆封或已使用的商品上進行更換。</span></p><p><span style="color: rgb(33, 37, 41);">本規範未盡之事宜麗鑫生技股份有限公司保有變更、補充、終止、解釋部份規範內容之權力，</span></p><p><span style="color: rgb(33, 37, 41);">並將以上述公告於官網之退換貨政策，以便提供會員詳閱。</span></p>', '<p><span style="color: rgb(33, 37, 41);">· 依照消費者保護法規定，消費者享有商品到貨7日鑑賞期（包含例假日）之權益，7日鑑賞期並非「試用期」，並保持商品之完整。</span></p><p><span style="color: rgb(33, 37, 41);">· 為保障雙方權益，請您在拆封時務必全程錄影，以確保商品是否遺漏或破損。</span></p><p><span style="color: rgb(33, 37, 41);">· 基於衛生考量我們無法在任何已拆封或已使用的商品上進行更換。</span></p><p><span style="color: rgb(33, 37, 41);">本規範未盡之事宜麗鑫生技股份有限公司保有變更、補充、終止、解釋部份規範內容之權力，</span></p><p><span style="color: rgb(33, 37, 41);">並將以上述公告於官網之退換貨政策，以便提供會員詳閱。</span></p>', '<p><span style="color: rgb(33, 37, 41);">宅配到家 ($ 100&nbsp;)&nbsp;&nbsp;/&nbsp;7-11 ($ 80&nbsp;)&nbsp;&nbsp;/&nbsp;全家 ($ 80&nbsp;)</span></p><p>＊ 實際運費依結帳頁面金額或到貨收款金額為準。</p>', '{}', 1, 0, '2023-01-10 05:31:11', '2023-01-10 05:31:11');
INSERT INTO demo.product (id, name, category_id, description, currency_id, price, special_price, max_quantity, pictures, return_policy, change_order_policy, delivery_policy, extra, is_enabled, is_custom_award_level, created_at, updated_at) VALUES (18, '咖啡因洗髮乳17', 8, '<p><span style="color: rgb(33, 37, 41);">｜特色｜</span></p><p><span style="color: rgb(33, 37, 41);">全機 400g，像隨行杯一樣好拿好帶好收納</span></p><p><span style="color: rgb(33, 37, 41);">一體成形，一手翻轉，想要的功能即刻到位</span></p><p><span style="color: rgb(33, 37, 41);">一秒速熱，專業級 MCH 高溫陶瓷發熱片</span></p><p><span style="color: rgb(33, 37, 41);">兩檔溫度 120 °/170 ° 拒絕溫感、秒平皺褶</span></p><p><span style="color: rgb(33, 37, 41);">高效率除毛球，6,500RPM 高轉速俐落乾淨</span></p><p><span style="color: rgb(33, 37, 41);">TYPE-C USB 規格全球通用，熨衣免找插座</span></p><p><span style="color: rgb(33, 37, 41);">8,000mAh 大容量電池，可為手機供應電能</span></p><p><span style="color: rgb(33, 37, 41);">搭載 NTC 感溫探頭，過熱自動斷電保護安全</span></p><p><br></p><p><span style="color: rgb(33, 37, 41);">｜規格｜</span></p><p><span style="color: rgb(33, 37, 41);">額定電壓/電流：DC5V/1.5A</span></p><p><span style="color: rgb(33, 37, 41);">功率：熨燙 130W／除毛球 20W</span></p><p><span style="color: rgb(33, 37, 41);">電池規格：內建18650鋰電池8000mAh</span></p><p><span style="color: rgb(33, 37, 41);">熨燙板溫度：120 ／ 170度C</span></p><p><span style="color: rgb(33, 37, 41);">除毛球機轉速：6500 rpm</span></p><p><span style="color: rgb(33, 37, 41);">充電時間：約6小時</span></p><p><span style="color: rgb(33, 37, 41);">使用時間：熨燙約30min、除毛球25HR</span></p><p><span style="color: rgb(33, 37, 41);">材質：機身 ABS+PC塑料／蓋子 矽膠／刀片 不鏽鋼／面板 鋁鑄陶瓷塗層／隔熱墊 麗絲絨</span></p><p><br></p><p><span style="color: rgb(33, 37, 41);">｜保固說明｜</span></p><p><span style="color: rgb(33, 37, 41);">非人為因素之損壞，原廠保固一年</span></p><p><span style="color: rgb(33, 37, 41);">使用前請確實遵從產品說明書內之操作指示及注意事項</span></p><p><span style="color: rgb(33, 37, 41);">如需辦理退換貨，包裝與配件須完整(商品配件、包裝完整，無刮痕損傷)</span></p>', 1, 230, 0, 6, '["upload/demo/1673430871896.jpeg","upload/demo/1673430886736.jpeg","upload/demo/1673430895521.jpeg","upload/demo/1673430904999.jpeg","upload/demo/1673430915905.jpeg"]', '<p><span style="color: rgb(33, 37, 41);">· 依照消費者保護法規定，消費者享有商品到貨7日鑑賞期（包含例假日）之權益，7日鑑賞期並非「試用期」，並保持商品之完整。</span></p><p><span style="color: rgb(33, 37, 41);">· 為保障雙方權益，請您在拆封時務必全程錄影，以確保商品是否遺漏或破損。</span></p><p><span style="color: rgb(33, 37, 41);">· 基於衛生考量我們無法在任何已拆封或已使用的商品上進行更換。</span></p><p><span style="color: rgb(33, 37, 41);">本規範未盡之事宜麗鑫生技股份有限公司保有變更、補充、終止、解釋部份規範內容之權力，</span></p><p><span style="color: rgb(33, 37, 41);">並將以上述公告於官網之退換貨政策，以便提供會員詳閱。</span></p>', '<p><span style="color: rgb(33, 37, 41);">· 依照消費者保護法規定，消費者享有商品到貨7日鑑賞期（包含例假日）之權益，7日鑑賞期並非「試用期」，並保持商品之完整。</span></p><p><span style="color: rgb(33, 37, 41);">· 為保障雙方權益，請您在拆封時務必全程錄影，以確保商品是否遺漏或破損。</span></p><p><span style="color: rgb(33, 37, 41);">· 基於衛生考量我們無法在任何已拆封或已使用的商品上進行更換。</span></p><p><span style="color: rgb(33, 37, 41);">本規範未盡之事宜麗鑫生技股份有限公司保有變更、補充、終止、解釋部份規範內容之權力，</span></p><p><span style="color: rgb(33, 37, 41);">並將以上述公告於官網之退換貨政策，以便提供會員詳閱。</span></p>', '<p><span style="color: rgb(33, 37, 41);">宅配到家 ($ 100&nbsp;)&nbsp;&nbsp;/&nbsp;7-11 ($ 80&nbsp;)&nbsp;&nbsp;/&nbsp;全家 ($ 80&nbsp;)</span></p><p>＊ 實際運費依結帳頁面金額或到貨收款金額為準。</p>', '{}', 1, 0, '2023-01-10 05:30:39', '2023-01-10 05:30:39');
INSERT INTO demo.product (id, name, category_id, description, currency_id, price, special_price, max_quantity, pictures, return_policy, change_order_policy, delivery_policy, extra, is_enabled, is_custom_award_level, created_at, updated_at) VALUES (19, '咖啡因洗髮乳18', 8, '<p><span style="color: rgb(33, 37, 41);">｜特色｜</span></p><p><span style="color: rgb(33, 37, 41);">全機 400g，像隨行杯一樣好拿好帶好收納</span></p><p><span style="color: rgb(33, 37, 41);">一體成形，一手翻轉，想要的功能即刻到位</span></p><p><span style="color: rgb(33, 37, 41);">一秒速熱，專業級 MCH 高溫陶瓷發熱片</span></p><p><span style="color: rgb(33, 37, 41);">兩檔溫度 120 °/170 ° 拒絕溫感、秒平皺褶</span></p><p><span style="color: rgb(33, 37, 41);">高效率除毛球，6,500RPM 高轉速俐落乾淨</span></p><p><span style="color: rgb(33, 37, 41);">TYPE-C USB 規格全球通用，熨衣免找插座</span></p><p><span style="color: rgb(33, 37, 41);">8,000mAh 大容量電池，可為手機供應電能</span></p><p><span style="color: rgb(33, 37, 41);">搭載 NTC 感溫探頭，過熱自動斷電保護安全</span></p><p><br></p><p><span style="color: rgb(33, 37, 41);">｜規格｜</span></p><p><span style="color: rgb(33, 37, 41);">額定電壓/電流：DC5V/1.5A</span></p><p><span style="color: rgb(33, 37, 41);">功率：熨燙 130W／除毛球 20W</span></p><p><span style="color: rgb(33, 37, 41);">電池規格：內建18650鋰電池8000mAh</span></p><p><span style="color: rgb(33, 37, 41);">熨燙板溫度：120 ／ 170度C</span></p><p><span style="color: rgb(33, 37, 41);">除毛球機轉速：6500 rpm</span></p><p><span style="color: rgb(33, 37, 41);">充電時間：約6小時</span></p><p><span style="color: rgb(33, 37, 41);">使用時間：熨燙約30min、除毛球25HR</span></p><p><span style="color: rgb(33, 37, 41);">材質：機身 ABS+PC塑料／蓋子 矽膠／刀片 不鏽鋼／面板 鋁鑄陶瓷塗層／隔熱墊 麗絲絨</span></p><p><br></p><p><span style="color: rgb(33, 37, 41);">｜保固說明｜</span></p><p><span style="color: rgb(33, 37, 41);">非人為因素之損壞，原廠保固一年</span></p><p><span style="color: rgb(33, 37, 41);">使用前請確實遵從產品說明書內之操作指示及注意事項</span></p><p><span style="color: rgb(33, 37, 41);">如需辦理退換貨，包裝與配件須完整(商品配件、包裝完整，無刮痕損傷)</span></p>', 1, 230, 200, 6, '["upload/demo/1673430871896.jpeg","upload/demo/1673430886736.jpeg","upload/demo/1673430895521.jpeg","upload/demo/1673430904999.jpeg","upload/demo/1673430915905.jpeg"]', '<p><span style="color: rgb(33, 37, 41);">· 依照消費者保護法規定，消費者享有商品到貨7日鑑賞期（包含例假日）之權益，7日鑑賞期並非「試用期」，並保持商品之完整。</span></p><p><span style="color: rgb(33, 37, 41);">· 為保障雙方權益，請您在拆封時務必全程錄影，以確保商品是否遺漏或破損。</span></p><p><span style="color: rgb(33, 37, 41);">· 基於衛生考量我們無法在任何已拆封或已使用的商品上進行更換。</span></p><p><span style="color: rgb(33, 37, 41);">本規範未盡之事宜麗鑫生技股份有限公司保有變更、補充、終止、解釋部份規範內容之權力，</span></p><p><span style="color: rgb(33, 37, 41);">並將以上述公告於官網之退換貨政策，以便提供會員詳閱。</span></p>', '<p><span style="color: rgb(33, 37, 41);">· 依照消費者保護法規定，消費者享有商品到貨7日鑑賞期（包含例假日）之權益，7日鑑賞期並非「試用期」，並保持商品之完整。</span></p><p><span style="color: rgb(33, 37, 41);">· 為保障雙方權益，請您在拆封時務必全程錄影，以確保商品是否遺漏或破損。</span></p><p><span style="color: rgb(33, 37, 41);">· 基於衛生考量我們無法在任何已拆封或已使用的商品上進行更換。</span></p><p><span style="color: rgb(33, 37, 41);">本規範未盡之事宜麗鑫生技股份有限公司保有變更、補充、終止、解釋部份規範內容之權力，</span></p><p><span style="color: rgb(33, 37, 41);">並將以上述公告於官網之退換貨政策，以便提供會員詳閱。</span></p>', '<p><span style="color: rgb(33, 37, 41);">宅配到家 ($ 100&nbsp;)&nbsp;&nbsp;/&nbsp;7-11 ($ 80&nbsp;)&nbsp;&nbsp;/&nbsp;全家 ($ 80&nbsp;)</span></p><p>＊ 實際運費依結帳頁面金額或到貨收款金額為準。</p>', '{}', 1, 0, '2023-01-10 05:30:55', '2023-01-10 05:30:55');
INSERT INTO demo.product (id, name, category_id, description, currency_id, price, special_price, max_quantity, pictures, return_policy, change_order_policy, delivery_policy, extra, is_enabled, is_custom_award_level, created_at, updated_at) VALUES (20, '咖啡因洗髮乳19', 8, '<p><span style="color: rgb(33, 37, 41);">｜特色｜</span></p><p><span style="color: rgb(33, 37, 41);">全機 400g，像隨行杯一樣好拿好帶好收納</span></p><p><span style="color: rgb(33, 37, 41);">一體成形，一手翻轉，想要的功能即刻到位</span></p><p><span style="color: rgb(33, 37, 41);">一秒速熱，專業級 MCH 高溫陶瓷發熱片</span></p><p><span style="color: rgb(33, 37, 41);">兩檔溫度 120 °/170 ° 拒絕溫感、秒平皺褶</span></p><p><span style="color: rgb(33, 37, 41);">高效率除毛球，6,500RPM 高轉速俐落乾淨</span></p><p><span style="color: rgb(33, 37, 41);">TYPE-C USB 規格全球通用，熨衣免找插座</span></p><p><span style="color: rgb(33, 37, 41);">8,000mAh 大容量電池，可為手機供應電能</span></p><p><span style="color: rgb(33, 37, 41);">搭載 NTC 感溫探頭，過熱自動斷電保護安全</span></p><p><br></p><p><span style="color: rgb(33, 37, 41);">｜規格｜</span></p><p><span style="color: rgb(33, 37, 41);">額定電壓/電流：DC5V/1.5A</span></p><p><span style="color: rgb(33, 37, 41);">功率：熨燙 130W／除毛球 20W</span></p><p><span style="color: rgb(33, 37, 41);">電池規格：內建18650鋰電池8000mAh</span></p><p><span style="color: rgb(33, 37, 41);">熨燙板溫度：120 ／ 170度C</span></p><p><span style="color: rgb(33, 37, 41);">除毛球機轉速：6500 rpm</span></p><p><span style="color: rgb(33, 37, 41);">充電時間：約6小時</span></p><p><span style="color: rgb(33, 37, 41);">使用時間：熨燙約30min、除毛球25HR</span></p><p><span style="color: rgb(33, 37, 41);">材質：機身 ABS+PC塑料／蓋子 矽膠／刀片 不鏽鋼／面板 鋁鑄陶瓷塗層／隔熱墊 麗絲絨</span></p><p><br></p><p><span style="color: rgb(33, 37, 41);">｜保固說明｜</span></p><p><span style="color: rgb(33, 37, 41);">非人為因素之損壞，原廠保固一年</span></p><p><span style="color: rgb(33, 37, 41);">使用前請確實遵從產品說明書內之操作指示及注意事項</span></p><p><span style="color: rgb(33, 37, 41);">如需辦理退換貨，包裝與配件須完整(商品配件、包裝完整，無刮痕損傷)</span></p>', 1, 230, 0, 6, '["upload/demo/1673430871896.jpeg","upload/demo/1673430886736.jpeg","upload/demo/1673430895521.jpeg","upload/demo/1673430904999.jpeg","upload/demo/1673430915905.jpeg"]', '<p><span style="color: rgb(33, 37, 41);">· 依照消費者保護法規定，消費者享有商品到貨7日鑑賞期（包含例假日）之權益，7日鑑賞期並非「試用期」，並保持商品之完整。</span></p><p><span style="color: rgb(33, 37, 41);">· 為保障雙方權益，請您在拆封時務必全程錄影，以確保商品是否遺漏或破損。</span></p><p><span style="color: rgb(33, 37, 41);">· 基於衛生考量我們無法在任何已拆封或已使用的商品上進行更換。</span></p><p><span style="color: rgb(33, 37, 41);">本規範未盡之事宜麗鑫生技股份有限公司保有變更、補充、終止、解釋部份規範內容之權力，</span></p><p><span style="color: rgb(33, 37, 41);">並將以上述公告於官網之退換貨政策，以便提供會員詳閱。</span></p>', '<p><span style="color: rgb(33, 37, 41);">· 依照消費者保護法規定，消費者享有商品到貨7日鑑賞期（包含例假日）之權益，7日鑑賞期並非「試用期」，並保持商品之完整。</span></p><p><span style="color: rgb(33, 37, 41);">· 為保障雙方權益，請您在拆封時務必全程錄影，以確保商品是否遺漏或破損。</span></p><p><span style="color: rgb(33, 37, 41);">· 基於衛生考量我們無法在任何已拆封或已使用的商品上進行更換。</span></p><p><span style="color: rgb(33, 37, 41);">本規範未盡之事宜麗鑫生技股份有限公司保有變更、補充、終止、解釋部份規範內容之權力，</span></p><p><span style="color: rgb(33, 37, 41);">並將以上述公告於官網之退換貨政策，以便提供會員詳閱。</span></p>', '<p><span style="color: rgb(33, 37, 41);">宅配到家 ($ 100&nbsp;)&nbsp;&nbsp;/&nbsp;7-11 ($ 80&nbsp;)&nbsp;&nbsp;/&nbsp;全家 ($ 80&nbsp;)</span></p><p>＊ 實際運費依結帳頁面金額或到貨收款金額為準。</p>', '{}', 1, 0, '2023-01-10 05:31:10', '2023-01-10 05:31:10');
INSERT INTO demo.product (id, name, category_id, description, currency_id, price, special_price, max_quantity, pictures, return_policy, change_order_policy, delivery_policy, extra, is_enabled, is_custom_award_level, created_at, updated_at) VALUES (21, '咖啡因洗髮乳20', 8, '<p><span style="color: rgb(33, 37, 41);">｜特色｜</span></p><p><span style="color: rgb(33, 37, 41);">全機 400g，像隨行杯一樣好拿好帶好收納</span></p><p><span style="color: rgb(33, 37, 41);">一體成形，一手翻轉，想要的功能即刻到位</span></p><p><span style="color: rgb(33, 37, 41);">一秒速熱，專業級 MCH 高溫陶瓷發熱片</span></p><p><span style="color: rgb(33, 37, 41);">兩檔溫度 120 °/170 ° 拒絕溫感、秒平皺褶</span></p><p><span style="color: rgb(33, 37, 41);">高效率除毛球，6,500RPM 高轉速俐落乾淨</span></p><p><span style="color: rgb(33, 37, 41);">TYPE-C USB 規格全球通用，熨衣免找插座</span></p><p><span style="color: rgb(33, 37, 41);">8,000mAh 大容量電池，可為手機供應電能</span></p><p><span style="color: rgb(33, 37, 41);">搭載 NTC 感溫探頭，過熱自動斷電保護安全</span></p><p><br></p><p><span style="color: rgb(33, 37, 41);">｜規格｜</span></p><p><span style="color: rgb(33, 37, 41);">額定電壓/電流：DC5V/1.5A</span></p><p><span style="color: rgb(33, 37, 41);">功率：熨燙 130W／除毛球 20W</span></p><p><span style="color: rgb(33, 37, 41);">電池規格：內建18650鋰電池8000mAh</span></p><p><span style="color: rgb(33, 37, 41);">熨燙板溫度：120 ／ 170度C</span></p><p><span style="color: rgb(33, 37, 41);">除毛球機轉速：6500 rpm</span></p><p><span style="color: rgb(33, 37, 41);">充電時間：約6小時</span></p><p><span style="color: rgb(33, 37, 41);">使用時間：熨燙約30min、除毛球25HR</span></p><p><span style="color: rgb(33, 37, 41);">材質：機身 ABS+PC塑料／蓋子 矽膠／刀片 不鏽鋼／面板 鋁鑄陶瓷塗層／隔熱墊 麗絲絨</span></p><p><br></p><p><span style="color: rgb(33, 37, 41);">｜保固說明｜</span></p><p><span style="color: rgb(33, 37, 41);">非人為因素之損壞，原廠保固一年</span></p><p><span style="color: rgb(33, 37, 41);">使用前請確實遵從產品說明書內之操作指示及注意事項</span></p><p><span style="color: rgb(33, 37, 41);">如需辦理退換貨，包裝與配件須完整(商品配件、包裝完整，無刮痕損傷)</span></p>', 1, 230, 0, 6, '["upload/demo/1673430871896.jpeg","upload/demo/1673430886736.jpeg","upload/demo/1673430895521.jpeg","upload/demo/1673430904999.jpeg","upload/demo/1673430915905.jpeg"]', '<p><span style="color: rgb(33, 37, 41);">· 依照消費者保護法規定，消費者享有商品到貨7日鑑賞期（包含例假日）之權益，7日鑑賞期並非「試用期」，並保持商品之完整。</span></p><p><span style="color: rgb(33, 37, 41);">· 為保障雙方權益，請您在拆封時務必全程錄影，以確保商品是否遺漏或破損。</span></p><p><span style="color: rgb(33, 37, 41);">· 基於衛生考量我們無法在任何已拆封或已使用的商品上進行更換。</span></p><p><span style="color: rgb(33, 37, 41);">本規範未盡之事宜麗鑫生技股份有限公司保有變更、補充、終止、解釋部份規範內容之權力，</span></p><p><span style="color: rgb(33, 37, 41);">並將以上述公告於官網之退換貨政策，以便提供會員詳閱。</span></p>', '<p><span style="color: rgb(33, 37, 41);">· 依照消費者保護法規定，消費者享有商品到貨7日鑑賞期（包含例假日）之權益，7日鑑賞期並非「試用期」，並保持商品之完整。</span></p><p><span style="color: rgb(33, 37, 41);">· 為保障雙方權益，請您在拆封時務必全程錄影，以確保商品是否遺漏或破損。</span></p><p><span style="color: rgb(33, 37, 41);">· 基於衛生考量我們無法在任何已拆封或已使用的商品上進行更換。</span></p><p><span style="color: rgb(33, 37, 41);">本規範未盡之事宜麗鑫生技股份有限公司保有變更、補充、終止、解釋部份規範內容之權力，</span></p><p><span style="color: rgb(33, 37, 41);">並將以上述公告於官網之退換貨政策，以便提供會員詳閱。</span></p>', '<p><span style="color: rgb(33, 37, 41);">宅配到家 ($ 100&nbsp;)&nbsp;&nbsp;/&nbsp;7-11 ($ 80&nbsp;)&nbsp;&nbsp;/&nbsp;全家 ($ 80&nbsp;)</span></p><p>＊ 實際運費依結帳頁面金額或到貨收款金額為準。</p>', '{}', 1, 0, '2023-01-10 05:31:11', '2023-01-10 05:31:11');
INSERT INTO demo.product (id, name, category_id, description, currency_id, price, special_price, max_quantity, pictures, return_policy, change_order_policy, delivery_policy, extra, is_enabled, is_custom_award_level, created_at, updated_at) VALUES (22, '咖啡因洗髮乳21', 11, '<p><span style="color: rgb(33, 37, 41);">｜特色｜</span></p><p><span style="color: rgb(33, 37, 41);">全機 400g，像隨行杯一樣好拿好帶好收納</span></p><p><span style="color: rgb(33, 37, 41);">一體成形，一手翻轉，想要的功能即刻到位</span></p><p><span style="color: rgb(33, 37, 41);">一秒速熱，專業級 MCH 高溫陶瓷發熱片</span></p><p><span style="color: rgb(33, 37, 41);">兩檔溫度 120 °/170 ° 拒絕溫感、秒平皺褶</span></p><p><span style="color: rgb(33, 37, 41);">高效率除毛球，6,500RPM 高轉速俐落乾淨</span></p><p><span style="color: rgb(33, 37, 41);">TYPE-C USB 規格全球通用，熨衣免找插座</span></p><p><span style="color: rgb(33, 37, 41);">8,000mAh 大容量電池，可為手機供應電能</span></p><p><span style="color: rgb(33, 37, 41);">搭載 NTC 感溫探頭，過熱自動斷電保護安全</span></p><p><br></p><p><span style="color: rgb(33, 37, 41);">｜規格｜</span></p><p><span style="color: rgb(33, 37, 41);">額定電壓/電流：DC5V/1.5A</span></p><p><span style="color: rgb(33, 37, 41);">功率：熨燙 130W／除毛球 20W</span></p><p><span style="color: rgb(33, 37, 41);">電池規格：內建18650鋰電池8000mAh</span></p><p><span style="color: rgb(33, 37, 41);">熨燙板溫度：120 ／ 170度C</span></p><p><span style="color: rgb(33, 37, 41);">除毛球機轉速：6500 rpm</span></p><p><span style="color: rgb(33, 37, 41);">充電時間：約6小時</span></p><p><span style="color: rgb(33, 37, 41);">使用時間：熨燙約30min、除毛球25HR</span></p><p><span style="color: rgb(33, 37, 41);">材質：機身 ABS+PC塑料／蓋子 矽膠／刀片 不鏽鋼／面板 鋁鑄陶瓷塗層／隔熱墊 麗絲絨</span></p><p><br></p><p><span style="color: rgb(33, 37, 41);">｜保固說明｜</span></p><p><span style="color: rgb(33, 37, 41);">非人為因素之損壞，原廠保固一年</span></p><p><span style="color: rgb(33, 37, 41);">使用前請確實遵從產品說明書內之操作指示及注意事項</span></p><p><span style="color: rgb(33, 37, 41);">如需辦理退換貨，包裝與配件須完整(商品配件、包裝完整，無刮痕損傷)</span></p>', 1, 230, 0, 6, '["upload/demo/1673430871896.jpeg","upload/demo/1673430886736.jpeg","upload/demo/1673430895521.jpeg","upload/demo/1673430904999.jpeg","upload/demo/1673430915905.jpeg"]', '<p><span style="color: rgb(33, 37, 41);">· 依照消費者保護法規定，消費者享有商品到貨7日鑑賞期（包含例假日）之權益，7日鑑賞期並非「試用期」，並保持商品之完整。</span></p><p><span style="color: rgb(33, 37, 41);">· 為保障雙方權益，請您在拆封時務必全程錄影，以確保商品是否遺漏或破損。</span></p><p><span style="color: rgb(33, 37, 41);">· 基於衛生考量我們無法在任何已拆封或已使用的商品上進行更換。</span></p><p><span style="color: rgb(33, 37, 41);">本規範未盡之事宜麗鑫生技股份有限公司保有變更、補充、終止、解釋部份規範內容之權力，</span></p><p><span style="color: rgb(33, 37, 41);">並將以上述公告於官網之退換貨政策，以便提供會員詳閱。</span></p>', '<p><span style="color: rgb(33, 37, 41);">· 依照消費者保護法規定，消費者享有商品到貨7日鑑賞期（包含例假日）之權益，7日鑑賞期並非「試用期」，並保持商品之完整。</span></p><p><span style="color: rgb(33, 37, 41);">· 為保障雙方權益，請您在拆封時務必全程錄影，以確保商品是否遺漏或破損。</span></p><p><span style="color: rgb(33, 37, 41);">· 基於衛生考量我們無法在任何已拆封或已使用的商品上進行更換。</span></p><p><span style="color: rgb(33, 37, 41);">本規範未盡之事宜麗鑫生技股份有限公司保有變更、補充、終止、解釋部份規範內容之權力，</span></p><p><span style="color: rgb(33, 37, 41);">並將以上述公告於官網之退換貨政策，以便提供會員詳閱。</span></p>', '<p><span style="color: rgb(33, 37, 41);">宅配到家 ($ 100&nbsp;)&nbsp;&nbsp;/&nbsp;7-11 ($ 80&nbsp;)&nbsp;&nbsp;/&nbsp;全家 ($ 80&nbsp;)</span></p><p>＊ 實際運費依結帳頁面金額或到貨收款金額為準。</p>', '{}', 1, 0, '2023-01-10 05:30:39', '2023-01-10 05:30:39');
INSERT INTO demo.product (id, name, category_id, description, currency_id, price, special_price, max_quantity, pictures, return_policy, change_order_policy, delivery_policy, extra, is_enabled, is_custom_award_level, created_at, updated_at) VALUES (23, '咖啡因洗髮乳22', 11, '<p><span style="color: rgb(33, 37, 41);">｜特色｜</span></p><p><span style="color: rgb(33, 37, 41);">全機 400g，像隨行杯一樣好拿好帶好收納</span></p><p><span style="color: rgb(33, 37, 41);">一體成形，一手翻轉，想要的功能即刻到位</span></p><p><span style="color: rgb(33, 37, 41);">一秒速熱，專業級 MCH 高溫陶瓷發熱片</span></p><p><span style="color: rgb(33, 37, 41);">兩檔溫度 120 °/170 ° 拒絕溫感、秒平皺褶</span></p><p><span style="color: rgb(33, 37, 41);">高效率除毛球，6,500RPM 高轉速俐落乾淨</span></p><p><span style="color: rgb(33, 37, 41);">TYPE-C USB 規格全球通用，熨衣免找插座</span></p><p><span style="color: rgb(33, 37, 41);">8,000mAh 大容量電池，可為手機供應電能</span></p><p><span style="color: rgb(33, 37, 41);">搭載 NTC 感溫探頭，過熱自動斷電保護安全</span></p><p><br></p><p><span style="color: rgb(33, 37, 41);">｜規格｜</span></p><p><span style="color: rgb(33, 37, 41);">額定電壓/電流：DC5V/1.5A</span></p><p><span style="color: rgb(33, 37, 41);">功率：熨燙 130W／除毛球 20W</span></p><p><span style="color: rgb(33, 37, 41);">電池規格：內建18650鋰電池8000mAh</span></p><p><span style="color: rgb(33, 37, 41);">熨燙板溫度：120 ／ 170度C</span></p><p><span style="color: rgb(33, 37, 41);">除毛球機轉速：6500 rpm</span></p><p><span style="color: rgb(33, 37, 41);">充電時間：約6小時</span></p><p><span style="color: rgb(33, 37, 41);">使用時間：熨燙約30min、除毛球25HR</span></p><p><span style="color: rgb(33, 37, 41);">材質：機身 ABS+PC塑料／蓋子 矽膠／刀片 不鏽鋼／面板 鋁鑄陶瓷塗層／隔熱墊 麗絲絨</span></p><p><br></p><p><span style="color: rgb(33, 37, 41);">｜保固說明｜</span></p><p><span style="color: rgb(33, 37, 41);">非人為因素之損壞，原廠保固一年</span></p><p><span style="color: rgb(33, 37, 41);">使用前請確實遵從產品說明書內之操作指示及注意事項</span></p><p><span style="color: rgb(33, 37, 41);">如需辦理退換貨，包裝與配件須完整(商品配件、包裝完整，無刮痕損傷)</span></p>', 1, 230, 200, 6, '["upload/demo/1673430871896.jpeg","upload/demo/1673430886736.jpeg","upload/demo/1673430895521.jpeg","upload/demo/1673430904999.jpeg","upload/demo/1673430915905.jpeg"]', '<p><span style="color: rgb(33, 37, 41);">· 依照消費者保護法規定，消費者享有商品到貨7日鑑賞期（包含例假日）之權益，7日鑑賞期並非「試用期」，並保持商品之完整。</span></p><p><span style="color: rgb(33, 37, 41);">· 為保障雙方權益，請您在拆封時務必全程錄影，以確保商品是否遺漏或破損。</span></p><p><span style="color: rgb(33, 37, 41);">· 基於衛生考量我們無法在任何已拆封或已使用的商品上進行更換。</span></p><p><span style="color: rgb(33, 37, 41);">本規範未盡之事宜麗鑫生技股份有限公司保有變更、補充、終止、解釋部份規範內容之權力，</span></p><p><span style="color: rgb(33, 37, 41);">並將以上述公告於官網之退換貨政策，以便提供會員詳閱。</span></p>', '<p><span style="color: rgb(33, 37, 41);">· 依照消費者保護法規定，消費者享有商品到貨7日鑑賞期（包含例假日）之權益，7日鑑賞期並非「試用期」，並保持商品之完整。</span></p><p><span style="color: rgb(33, 37, 41);">· 為保障雙方權益，請您在拆封時務必全程錄影，以確保商品是否遺漏或破損。</span></p><p><span style="color: rgb(33, 37, 41);">· 基於衛生考量我們無法在任何已拆封或已使用的商品上進行更換。</span></p><p><span style="color: rgb(33, 37, 41);">本規範未盡之事宜麗鑫生技股份有限公司保有變更、補充、終止、解釋部份規範內容之權力，</span></p><p><span style="color: rgb(33, 37, 41);">並將以上述公告於官網之退換貨政策，以便提供會員詳閱。</span></p>', '<p><span style="color: rgb(33, 37, 41);">宅配到家 ($ 100&nbsp;)&nbsp;&nbsp;/&nbsp;7-11 ($ 80&nbsp;)&nbsp;&nbsp;/&nbsp;全家 ($ 80&nbsp;)</span></p><p>＊ 實際運費依結帳頁面金額或到貨收款金額為準。</p>', '{}', 1, 0, '2023-01-10 05:30:55', '2023-01-10 05:30:55');
INSERT INTO demo.product (id, name, category_id, description, currency_id, price, special_price, max_quantity, pictures, return_policy, change_order_policy, delivery_policy, extra, is_enabled, is_custom_award_level, created_at, updated_at) VALUES (24, '咖啡因洗髮乳23', 11, '<p><span style="color: rgb(33, 37, 41);">｜特色｜</span></p><p><span style="color: rgb(33, 37, 41);">全機 400g，像隨行杯一樣好拿好帶好收納</span></p><p><span style="color: rgb(33, 37, 41);">一體成形，一手翻轉，想要的功能即刻到位</span></p><p><span style="color: rgb(33, 37, 41);">一秒速熱，專業級 MCH 高溫陶瓷發熱片</span></p><p><span style="color: rgb(33, 37, 41);">兩檔溫度 120 °/170 ° 拒絕溫感、秒平皺褶</span></p><p><span style="color: rgb(33, 37, 41);">高效率除毛球，6,500RPM 高轉速俐落乾淨</span></p><p><span style="color: rgb(33, 37, 41);">TYPE-C USB 規格全球通用，熨衣免找插座</span></p><p><span style="color: rgb(33, 37, 41);">8,000mAh 大容量電池，可為手機供應電能</span></p><p><span style="color: rgb(33, 37, 41);">搭載 NTC 感溫探頭，過熱自動斷電保護安全</span></p><p><br></p><p><span style="color: rgb(33, 37, 41);">｜規格｜</span></p><p><span style="color: rgb(33, 37, 41);">額定電壓/電流：DC5V/1.5A</span></p><p><span style="color: rgb(33, 37, 41);">功率：熨燙 130W／除毛球 20W</span></p><p><span style="color: rgb(33, 37, 41);">電池規格：內建18650鋰電池8000mAh</span></p><p><span style="color: rgb(33, 37, 41);">熨燙板溫度：120 ／ 170度C</span></p><p><span style="color: rgb(33, 37, 41);">除毛球機轉速：6500 rpm</span></p><p><span style="color: rgb(33, 37, 41);">充電時間：約6小時</span></p><p><span style="color: rgb(33, 37, 41);">使用時間：熨燙約30min、除毛球25HR</span></p><p><span style="color: rgb(33, 37, 41);">材質：機身 ABS+PC塑料／蓋子 矽膠／刀片 不鏽鋼／面板 鋁鑄陶瓷塗層／隔熱墊 麗絲絨</span></p><p><br></p><p><span style="color: rgb(33, 37, 41);">｜保固說明｜</span></p><p><span style="color: rgb(33, 37, 41);">非人為因素之損壞，原廠保固一年</span></p><p><span style="color: rgb(33, 37, 41);">使用前請確實遵從產品說明書內之操作指示及注意事項</span></p><p><span style="color: rgb(33, 37, 41);">如需辦理退換貨，包裝與配件須完整(商品配件、包裝完整，無刮痕損傷)</span></p>', 1, 230, 0, 6, '["upload/demo/1673430871896.jpeg","upload/demo/1673430886736.jpeg","upload/demo/1673430895521.jpeg","upload/demo/1673430904999.jpeg","upload/demo/1673430915905.jpeg"]', '<p><span style="color: rgb(33, 37, 41);">· 依照消費者保護法規定，消費者享有商品到貨7日鑑賞期（包含例假日）之權益，7日鑑賞期並非「試用期」，並保持商品之完整。</span></p><p><span style="color: rgb(33, 37, 41);">· 為保障雙方權益，請您在拆封時務必全程錄影，以確保商品是否遺漏或破損。</span></p><p><span style="color: rgb(33, 37, 41);">· 基於衛生考量我們無法在任何已拆封或已使用的商品上進行更換。</span></p><p><span style="color: rgb(33, 37, 41);">本規範未盡之事宜麗鑫生技股份有限公司保有變更、補充、終止、解釋部份規範內容之權力，</span></p><p><span style="color: rgb(33, 37, 41);">並將以上述公告於官網之退換貨政策，以便提供會員詳閱。</span></p>', '<p><span style="color: rgb(33, 37, 41);">· 依照消費者保護法規定，消費者享有商品到貨7日鑑賞期（包含例假日）之權益，7日鑑賞期並非「試用期」，並保持商品之完整。</span></p><p><span style="color: rgb(33, 37, 41);">· 為保障雙方權益，請您在拆封時務必全程錄影，以確保商品是否遺漏或破損。</span></p><p><span style="color: rgb(33, 37, 41);">· 基於衛生考量我們無法在任何已拆封或已使用的商品上進行更換。</span></p><p><span style="color: rgb(33, 37, 41);">本規範未盡之事宜麗鑫生技股份有限公司保有變更、補充、終止、解釋部份規範內容之權力，</span></p><p><span style="color: rgb(33, 37, 41);">並將以上述公告於官網之退換貨政策，以便提供會員詳閱。</span></p>', '<p><span style="color: rgb(33, 37, 41);">宅配到家 ($ 100&nbsp;)&nbsp;&nbsp;/&nbsp;7-11 ($ 80&nbsp;)&nbsp;&nbsp;/&nbsp;全家 ($ 80&nbsp;)</span></p><p>＊ 實際運費依結帳頁面金額或到貨收款金額為準。</p>', '{}', 1, 0, '2023-01-10 05:31:10', '2023-01-10 05:31:10');
INSERT INTO demo.product (id, name, category_id, description, currency_id, price, special_price, max_quantity, pictures, return_policy, change_order_policy, delivery_policy, extra, is_enabled, is_custom_award_level, created_at, updated_at) VALUES (25, '咖啡因洗髮乳24', 11, '<p><span style="color: rgb(33, 37, 41);">｜特色｜</span></p><p><span style="color: rgb(33, 37, 41);">全機 400g，像隨行杯一樣好拿好帶好收納</span></p><p><span style="color: rgb(33, 37, 41);">一體成形，一手翻轉，想要的功能即刻到位</span></p><p><span style="color: rgb(33, 37, 41);">一秒速熱，專業級 MCH 高溫陶瓷發熱片</span></p><p><span style="color: rgb(33, 37, 41);">兩檔溫度 120 °/170 ° 拒絕溫感、秒平皺褶</span></p><p><span style="color: rgb(33, 37, 41);">高效率除毛球，6,500RPM 高轉速俐落乾淨</span></p><p><span style="color: rgb(33, 37, 41);">TYPE-C USB 規格全球通用，熨衣免找插座</span></p><p><span style="color: rgb(33, 37, 41);">8,000mAh 大容量電池，可為手機供應電能</span></p><p><span style="color: rgb(33, 37, 41);">搭載 NTC 感溫探頭，過熱自動斷電保護安全</span></p><p><br></p><p><span style="color: rgb(33, 37, 41);">｜規格｜</span></p><p><span style="color: rgb(33, 37, 41);">額定電壓/電流：DC5V/1.5A</span></p><p><span style="color: rgb(33, 37, 41);">功率：熨燙 130W／除毛球 20W</span></p><p><span style="color: rgb(33, 37, 41);">電池規格：內建18650鋰電池8000mAh</span></p><p><span style="color: rgb(33, 37, 41);">熨燙板溫度：120 ／ 170度C</span></p><p><span style="color: rgb(33, 37, 41);">除毛球機轉速：6500 rpm</span></p><p><span style="color: rgb(33, 37, 41);">充電時間：約6小時</span></p><p><span style="color: rgb(33, 37, 41);">使用時間：熨燙約30min、除毛球25HR</span></p><p><span style="color: rgb(33, 37, 41);">材質：機身 ABS+PC塑料／蓋子 矽膠／刀片 不鏽鋼／面板 鋁鑄陶瓷塗層／隔熱墊 麗絲絨</span></p><p><br></p><p><span style="color: rgb(33, 37, 41);">｜保固說明｜</span></p><p><span style="color: rgb(33, 37, 41);">非人為因素之損壞，原廠保固一年</span></p><p><span style="color: rgb(33, 37, 41);">使用前請確實遵從產品說明書內之操作指示及注意事項</span></p><p><span style="color: rgb(33, 37, 41);">如需辦理退換貨，包裝與配件須完整(商品配件、包裝完整，無刮痕損傷)</span></p>', 1, 230, 0, 6, '["upload/demo/1673430871896.jpeg","upload/demo/1673430886736.jpeg","upload/demo/1673430895521.jpeg","upload/demo/1673430904999.jpeg","upload/demo/1673430915905.jpeg"]', '<p><span style="color: rgb(33, 37, 41);">· 依照消費者保護法規定，消費者享有商品到貨7日鑑賞期（包含例假日）之權益，7日鑑賞期並非「試用期」，並保持商品之完整。</span></p><p><span style="color: rgb(33, 37, 41);">· 為保障雙方權益，請您在拆封時務必全程錄影，以確保商品是否遺漏或破損。</span></p><p><span style="color: rgb(33, 37, 41);">· 基於衛生考量我們無法在任何已拆封或已使用的商品上進行更換。</span></p><p><span style="color: rgb(33, 37, 41);">本規範未盡之事宜麗鑫生技股份有限公司保有變更、補充、終止、解釋部份規範內容之權力，</span></p><p><span style="color: rgb(33, 37, 41);">並將以上述公告於官網之退換貨政策，以便提供會員詳閱。</span></p>', '<p><span style="color: rgb(33, 37, 41);">· 依照消費者保護法規定，消費者享有商品到貨7日鑑賞期（包含例假日）之權益，7日鑑賞期並非「試用期」，並保持商品之完整。</span></p><p><span style="color: rgb(33, 37, 41);">· 為保障雙方權益，請您在拆封時務必全程錄影，以確保商品是否遺漏或破損。</span></p><p><span style="color: rgb(33, 37, 41);">· 基於衛生考量我們無法在任何已拆封或已使用的商品上進行更換。</span></p><p><span style="color: rgb(33, 37, 41);">本規範未盡之事宜麗鑫生技股份有限公司保有變更、補充、終止、解釋部份規範內容之權力，</span></p><p><span style="color: rgb(33, 37, 41);">並將以上述公告於官網之退換貨政策，以便提供會員詳閱。</span></p>', '<p><span style="color: rgb(33, 37, 41);">宅配到家 ($ 100&nbsp;)&nbsp;&nbsp;/&nbsp;7-11 ($ 80&nbsp;)&nbsp;&nbsp;/&nbsp;全家 ($ 80&nbsp;)</span></p><p>＊ 實際運費依結帳頁面金額或到貨收款金額為準。</p>', '{}', 1, 0, '2023-01-10 05:31:11', '2023-01-10 05:31:11');
INSERT INTO demo.product (id, name, category_id, description, currency_id, price, special_price, max_quantity, pictures, return_policy, change_order_policy, delivery_policy, extra, is_enabled, is_custom_award_level, created_at, updated_at) VALUES (26, '咖啡因洗髮乳25', 12, '<p><span style="color: rgb(33, 37, 41);">｜特色｜</span></p><p><span style="color: rgb(33, 37, 41);">全機 400g，像隨行杯一樣好拿好帶好收納</span></p><p><span style="color: rgb(33, 37, 41);">一體成形，一手翻轉，想要的功能即刻到位</span></p><p><span style="color: rgb(33, 37, 41);">一秒速熱，專業級 MCH 高溫陶瓷發熱片</span></p><p><span style="color: rgb(33, 37, 41);">兩檔溫度 120 °/170 ° 拒絕溫感、秒平皺褶</span></p><p><span style="color: rgb(33, 37, 41);">高效率除毛球，6,500RPM 高轉速俐落乾淨</span></p><p><span style="color: rgb(33, 37, 41);">TYPE-C USB 規格全球通用，熨衣免找插座</span></p><p><span style="color: rgb(33, 37, 41);">8,000mAh 大容量電池，可為手機供應電能</span></p><p><span style="color: rgb(33, 37, 41);">搭載 NTC 感溫探頭，過熱自動斷電保護安全</span></p><p><br></p><p><span style="color: rgb(33, 37, 41);">｜規格｜</span></p><p><span style="color: rgb(33, 37, 41);">額定電壓/電流：DC5V/1.5A</span></p><p><span style="color: rgb(33, 37, 41);">功率：熨燙 130W／除毛球 20W</span></p><p><span style="color: rgb(33, 37, 41);">電池規格：內建18650鋰電池8000mAh</span></p><p><span style="color: rgb(33, 37, 41);">熨燙板溫度：120 ／ 170度C</span></p><p><span style="color: rgb(33, 37, 41);">除毛球機轉速：6500 rpm</span></p><p><span style="color: rgb(33, 37, 41);">充電時間：約6小時</span></p><p><span style="color: rgb(33, 37, 41);">使用時間：熨燙約30min、除毛球25HR</span></p><p><span style="color: rgb(33, 37, 41);">材質：機身 ABS+PC塑料／蓋子 矽膠／刀片 不鏽鋼／面板 鋁鑄陶瓷塗層／隔熱墊 麗絲絨</span></p><p><br></p><p><span style="color: rgb(33, 37, 41);">｜保固說明｜</span></p><p><span style="color: rgb(33, 37, 41);">非人為因素之損壞，原廠保固一年</span></p><p><span style="color: rgb(33, 37, 41);">使用前請確實遵從產品說明書內之操作指示及注意事項</span></p><p><span style="color: rgb(33, 37, 41);">如需辦理退換貨，包裝與配件須完整(商品配件、包裝完整，無刮痕損傷)</span></p>', 1, 230, 0, 6, '["upload/demo/1673430871896.jpeg","upload/demo/1673430886736.jpeg","upload/demo/1673430895521.jpeg","upload/demo/1673430904999.jpeg","upload/demo/1673430915905.jpeg"]', '<p><span style="color: rgb(33, 37, 41);">· 依照消費者保護法規定，消費者享有商品到貨7日鑑賞期（包含例假日）之權益，7日鑑賞期並非「試用期」，並保持商品之完整。</span></p><p><span style="color: rgb(33, 37, 41);">· 為保障雙方權益，請您在拆封時務必全程錄影，以確保商品是否遺漏或破損。</span></p><p><span style="color: rgb(33, 37, 41);">· 基於衛生考量我們無法在任何已拆封或已使用的商品上進行更換。</span></p><p><span style="color: rgb(33, 37, 41);">本規範未盡之事宜麗鑫生技股份有限公司保有變更、補充、終止、解釋部份規範內容之權力，</span></p><p><span style="color: rgb(33, 37, 41);">並將以上述公告於官網之退換貨政策，以便提供會員詳閱。</span></p>', '<p><span style="color: rgb(33, 37, 41);">· 依照消費者保護法規定，消費者享有商品到貨7日鑑賞期（包含例假日）之權益，7日鑑賞期並非「試用期」，並保持商品之完整。</span></p><p><span style="color: rgb(33, 37, 41);">· 為保障雙方權益，請您在拆封時務必全程錄影，以確保商品是否遺漏或破損。</span></p><p><span style="color: rgb(33, 37, 41);">· 基於衛生考量我們無法在任何已拆封或已使用的商品上進行更換。</span></p><p><span style="color: rgb(33, 37, 41);">本規範未盡之事宜麗鑫生技股份有限公司保有變更、補充、終止、解釋部份規範內容之權力，</span></p><p><span style="color: rgb(33, 37, 41);">並將以上述公告於官網之退換貨政策，以便提供會員詳閱。</span></p>', '<p><span style="color: rgb(33, 37, 41);">宅配到家 ($ 100&nbsp;)&nbsp;&nbsp;/&nbsp;7-11 ($ 80&nbsp;)&nbsp;&nbsp;/&nbsp;全家 ($ 80&nbsp;)</span></p><p>＊ 實際運費依結帳頁面金額或到貨收款金額為準。</p>', '{}', 1, 0, '2023-01-10 05:30:39', '2023-01-10 05:30:39');
INSERT INTO demo.product (id, name, category_id, description, currency_id, price, special_price, max_quantity, pictures, return_policy, change_order_policy, delivery_policy, extra, is_enabled, is_custom_award_level, created_at, updated_at) VALUES (27, '咖啡因洗髮乳26', 12, '<p><span style="color: rgb(33, 37, 41);">｜特色｜</span></p><p><span style="color: rgb(33, 37, 41);">全機 400g，像隨行杯一樣好拿好帶好收納</span></p><p><span style="color: rgb(33, 37, 41);">一體成形，一手翻轉，想要的功能即刻到位</span></p><p><span style="color: rgb(33, 37, 41);">一秒速熱，專業級 MCH 高溫陶瓷發熱片</span></p><p><span style="color: rgb(33, 37, 41);">兩檔溫度 120 °/170 ° 拒絕溫感、秒平皺褶</span></p><p><span style="color: rgb(33, 37, 41);">高效率除毛球，6,500RPM 高轉速俐落乾淨</span></p><p><span style="color: rgb(33, 37, 41);">TYPE-C USB 規格全球通用，熨衣免找插座</span></p><p><span style="color: rgb(33, 37, 41);">8,000mAh 大容量電池，可為手機供應電能</span></p><p><span style="color: rgb(33, 37, 41);">搭載 NTC 感溫探頭，過熱自動斷電保護安全</span></p><p><br></p><p><span style="color: rgb(33, 37, 41);">｜規格｜</span></p><p><span style="color: rgb(33, 37, 41);">額定電壓/電流：DC5V/1.5A</span></p><p><span style="color: rgb(33, 37, 41);">功率：熨燙 130W／除毛球 20W</span></p><p><span style="color: rgb(33, 37, 41);">電池規格：內建18650鋰電池8000mAh</span></p><p><span style="color: rgb(33, 37, 41);">熨燙板溫度：120 ／ 170度C</span></p><p><span style="color: rgb(33, 37, 41);">除毛球機轉速：6500 rpm</span></p><p><span style="color: rgb(33, 37, 41);">充電時間：約6小時</span></p><p><span style="color: rgb(33, 37, 41);">使用時間：熨燙約30min、除毛球25HR</span></p><p><span style="color: rgb(33, 37, 41);">材質：機身 ABS+PC塑料／蓋子 矽膠／刀片 不鏽鋼／面板 鋁鑄陶瓷塗層／隔熱墊 麗絲絨</span></p><p><br></p><p><span style="color: rgb(33, 37, 41);">｜保固說明｜</span></p><p><span style="color: rgb(33, 37, 41);">非人為因素之損壞，原廠保固一年</span></p><p><span style="color: rgb(33, 37, 41);">使用前請確實遵從產品說明書內之操作指示及注意事項</span></p><p><span style="color: rgb(33, 37, 41);">如需辦理退換貨，包裝與配件須完整(商品配件、包裝完整，無刮痕損傷)</span></p>', 1, 230, 200, 6, '["upload/demo/1673430871896.jpeg","upload/demo/1673430886736.jpeg","upload/demo/1673430895521.jpeg","upload/demo/1673430904999.jpeg","upload/demo/1673430915905.jpeg"]', '<p><span style="color: rgb(33, 37, 41);">· 依照消費者保護法規定，消費者享有商品到貨7日鑑賞期（包含例假日）之權益，7日鑑賞期並非「試用期」，並保持商品之完整。</span></p><p><span style="color: rgb(33, 37, 41);">· 為保障雙方權益，請您在拆封時務必全程錄影，以確保商品是否遺漏或破損。</span></p><p><span style="color: rgb(33, 37, 41);">· 基於衛生考量我們無法在任何已拆封或已使用的商品上進行更換。</span></p><p><span style="color: rgb(33, 37, 41);">本規範未盡之事宜麗鑫生技股份有限公司保有變更、補充、終止、解釋部份規範內容之權力，</span></p><p><span style="color: rgb(33, 37, 41);">並將以上述公告於官網之退換貨政策，以便提供會員詳閱。</span></p>', '<p><span style="color: rgb(33, 37, 41);">· 依照消費者保護法規定，消費者享有商品到貨7日鑑賞期（包含例假日）之權益，7日鑑賞期並非「試用期」，並保持商品之完整。</span></p><p><span style="color: rgb(33, 37, 41);">· 為保障雙方權益，請您在拆封時務必全程錄影，以確保商品是否遺漏或破損。</span></p><p><span style="color: rgb(33, 37, 41);">· 基於衛生考量我們無法在任何已拆封或已使用的商品上進行更換。</span></p><p><span style="color: rgb(33, 37, 41);">本規範未盡之事宜麗鑫生技股份有限公司保有變更、補充、終止、解釋部份規範內容之權力，</span></p><p><span style="color: rgb(33, 37, 41);">並將以上述公告於官網之退換貨政策，以便提供會員詳閱。</span></p>', '<p><span style="color: rgb(33, 37, 41);">宅配到家 ($ 100&nbsp;)&nbsp;&nbsp;/&nbsp;7-11 ($ 80&nbsp;)&nbsp;&nbsp;/&nbsp;全家 ($ 80&nbsp;)</span></p><p>＊ 實際運費依結帳頁面金額或到貨收款金額為準。</p>', '{}', 1, 0, '2023-01-10 05:30:55', '2023-01-10 05:30:55');
INSERT INTO demo.product (id, name, category_id, description, currency_id, price, special_price, max_quantity, pictures, return_policy, change_order_policy, delivery_policy, extra, is_enabled, is_custom_award_level, created_at, updated_at) VALUES (28, '咖啡因洗髮乳27', 12, '<p><span style="color: rgb(33, 37, 41);">｜特色｜</span></p><p><span style="color: rgb(33, 37, 41);">全機 400g，像隨行杯一樣好拿好帶好收納</span></p><p><span style="color: rgb(33, 37, 41);">一體成形，一手翻轉，想要的功能即刻到位</span></p><p><span style="color: rgb(33, 37, 41);">一秒速熱，專業級 MCH 高溫陶瓷發熱片</span></p><p><span style="color: rgb(33, 37, 41);">兩檔溫度 120 °/170 ° 拒絕溫感、秒平皺褶</span></p><p><span style="color: rgb(33, 37, 41);">高效率除毛球，6,500RPM 高轉速俐落乾淨</span></p><p><span style="color: rgb(33, 37, 41);">TYPE-C USB 規格全球通用，熨衣免找插座</span></p><p><span style="color: rgb(33, 37, 41);">8,000mAh 大容量電池，可為手機供應電能</span></p><p><span style="color: rgb(33, 37, 41);">搭載 NTC 感溫探頭，過熱自動斷電保護安全</span></p><p><br></p><p><span style="color: rgb(33, 37, 41);">｜規格｜</span></p><p><span style="color: rgb(33, 37, 41);">額定電壓/電流：DC5V/1.5A</span></p><p><span style="color: rgb(33, 37, 41);">功率：熨燙 130W／除毛球 20W</span></p><p><span style="color: rgb(33, 37, 41);">電池規格：內建18650鋰電池8000mAh</span></p><p><span style="color: rgb(33, 37, 41);">熨燙板溫度：120 ／ 170度C</span></p><p><span style="color: rgb(33, 37, 41);">除毛球機轉速：6500 rpm</span></p><p><span style="color: rgb(33, 37, 41);">充電時間：約6小時</span></p><p><span style="color: rgb(33, 37, 41);">使用時間：熨燙約30min、除毛球25HR</span></p><p><span style="color: rgb(33, 37, 41);">材質：機身 ABS+PC塑料／蓋子 矽膠／刀片 不鏽鋼／面板 鋁鑄陶瓷塗層／隔熱墊 麗絲絨</span></p><p><br></p><p><span style="color: rgb(33, 37, 41);">｜保固說明｜</span></p><p><span style="color: rgb(33, 37, 41);">非人為因素之損壞，原廠保固一年</span></p><p><span style="color: rgb(33, 37, 41);">使用前請確實遵從產品說明書內之操作指示及注意事項</span></p><p><span style="color: rgb(33, 37, 41);">如需辦理退換貨，包裝與配件須完整(商品配件、包裝完整，無刮痕損傷)</span></p>', 1, 230, 0, 6, '["upload/demo/1673430871896.jpeg","upload/demo/1673430886736.jpeg","upload/demo/1673430895521.jpeg","upload/demo/1673430904999.jpeg","upload/demo/1673430915905.jpeg"]', '<p><span style="color: rgb(33, 37, 41);">· 依照消費者保護法規定，消費者享有商品到貨7日鑑賞期（包含例假日）之權益，7日鑑賞期並非「試用期」，並保持商品之完整。</span></p><p><span style="color: rgb(33, 37, 41);">· 為保障雙方權益，請您在拆封時務必全程錄影，以確保商品是否遺漏或破損。</span></p><p><span style="color: rgb(33, 37, 41);">· 基於衛生考量我們無法在任何已拆封或已使用的商品上進行更換。</span></p><p><span style="color: rgb(33, 37, 41);">本規範未盡之事宜麗鑫生技股份有限公司保有變更、補充、終止、解釋部份規範內容之權力，</span></p><p><span style="color: rgb(33, 37, 41);">並將以上述公告於官網之退換貨政策，以便提供會員詳閱。</span></p>', '<p><span style="color: rgb(33, 37, 41);">· 依照消費者保護法規定，消費者享有商品到貨7日鑑賞期（包含例假日）之權益，7日鑑賞期並非「試用期」，並保持商品之完整。</span></p><p><span style="color: rgb(33, 37, 41);">· 為保障雙方權益，請您在拆封時務必全程錄影，以確保商品是否遺漏或破損。</span></p><p><span style="color: rgb(33, 37, 41);">· 基於衛生考量我們無法在任何已拆封或已使用的商品上進行更換。</span></p><p><span style="color: rgb(33, 37, 41);">本規範未盡之事宜麗鑫生技股份有限公司保有變更、補充、終止、解釋部份規範內容之權力，</span></p><p><span style="color: rgb(33, 37, 41);">並將以上述公告於官網之退換貨政策，以便提供會員詳閱。</span></p>', '<p><span style="color: rgb(33, 37, 41);">宅配到家 ($ 100&nbsp;)&nbsp;&nbsp;/&nbsp;7-11 ($ 80&nbsp;)&nbsp;&nbsp;/&nbsp;全家 ($ 80&nbsp;)</span></p><p>＊ 實際運費依結帳頁面金額或到貨收款金額為準。</p>', '{}', 1, 0, '2023-01-10 05:31:10', '2023-01-10 05:31:10');
INSERT INTO demo.product (id, name, category_id, description, currency_id, price, special_price, max_quantity, pictures, return_policy, change_order_policy, delivery_policy, extra, is_enabled, is_custom_award_level, created_at, updated_at) VALUES (29, '咖啡因洗髮乳28', 12, '<p><span style="color: rgb(33, 37, 41);">｜特色｜</span></p><p><span style="color: rgb(33, 37, 41);">全機 400g，像隨行杯一樣好拿好帶好收納</span></p><p><span style="color: rgb(33, 37, 41);">一體成形，一手翻轉，想要的功能即刻到位</span></p><p><span style="color: rgb(33, 37, 41);">一秒速熱，專業級 MCH 高溫陶瓷發熱片</span></p><p><span style="color: rgb(33, 37, 41);">兩檔溫度 120 °/170 ° 拒絕溫感、秒平皺褶</span></p><p><span style="color: rgb(33, 37, 41);">高效率除毛球，6,500RPM 高轉速俐落乾淨</span></p><p><span style="color: rgb(33, 37, 41);">TYPE-C USB 規格全球通用，熨衣免找插座</span></p><p><span style="color: rgb(33, 37, 41);">8,000mAh 大容量電池，可為手機供應電能</span></p><p><span style="color: rgb(33, 37, 41);">搭載 NTC 感溫探頭，過熱自動斷電保護安全</span></p><p><br></p><p><span style="color: rgb(33, 37, 41);">｜規格｜</span></p><p><span style="color: rgb(33, 37, 41);">額定電壓/電流：DC5V/1.5A</span></p><p><span style="color: rgb(33, 37, 41);">功率：熨燙 130W／除毛球 20W</span></p><p><span style="color: rgb(33, 37, 41);">電池規格：內建18650鋰電池8000mAh</span></p><p><span style="color: rgb(33, 37, 41);">熨燙板溫度：120 ／ 170度C</span></p><p><span style="color: rgb(33, 37, 41);">除毛球機轉速：6500 rpm</span></p><p><span style="color: rgb(33, 37, 41);">充電時間：約6小時</span></p><p><span style="color: rgb(33, 37, 41);">使用時間：熨燙約30min、除毛球25HR</span></p><p><span style="color: rgb(33, 37, 41);">材質：機身 ABS+PC塑料／蓋子 矽膠／刀片 不鏽鋼／面板 鋁鑄陶瓷塗層／隔熱墊 麗絲絨</span></p><p><br></p><p><span style="color: rgb(33, 37, 41);">｜保固說明｜</span></p><p><span style="color: rgb(33, 37, 41);">非人為因素之損壞，原廠保固一年</span></p><p><span style="color: rgb(33, 37, 41);">使用前請確實遵從產品說明書內之操作指示及注意事項</span></p><p><span style="color: rgb(33, 37, 41);">如需辦理退換貨，包裝與配件須完整(商品配件、包裝完整，無刮痕損傷)</span></p>', 1, 230, 0, 6, '["upload/demo/1673430871896.jpeg","upload/demo/1673430886736.jpeg","upload/demo/1673430895521.jpeg","upload/demo/1673430904999.jpeg","upload/demo/1673430915905.jpeg"]', '<p><span style="color: rgb(33, 37, 41);">· 依照消費者保護法規定，消費者享有商品到貨7日鑑賞期（包含例假日）之權益，7日鑑賞期並非「試用期」，並保持商品之完整。</span></p><p><span style="color: rgb(33, 37, 41);">· 為保障雙方權益，請您在拆封時務必全程錄影，以確保商品是否遺漏或破損。</span></p><p><span style="color: rgb(33, 37, 41);">· 基於衛生考量我們無法在任何已拆封或已使用的商品上進行更換。</span></p><p><span style="color: rgb(33, 37, 41);">本規範未盡之事宜麗鑫生技股份有限公司保有變更、補充、終止、解釋部份規範內容之權力，</span></p><p><span style="color: rgb(33, 37, 41);">並將以上述公告於官網之退換貨政策，以便提供會員詳閱。</span></p>', '<p><span style="color: rgb(33, 37, 41);">· 依照消費者保護法規定，消費者享有商品到貨7日鑑賞期（包含例假日）之權益，7日鑑賞期並非「試用期」，並保持商品之完整。</span></p><p><span style="color: rgb(33, 37, 41);">· 為保障雙方權益，請您在拆封時務必全程錄影，以確保商品是否遺漏或破損。</span></p><p><span style="color: rgb(33, 37, 41);">· 基於衛生考量我們無法在任何已拆封或已使用的商品上進行更換。</span></p><p><span style="color: rgb(33, 37, 41);">本規範未盡之事宜麗鑫生技股份有限公司保有變更、補充、終止、解釋部份規範內容之權力，</span></p><p><span style="color: rgb(33, 37, 41);">並將以上述公告於官網之退換貨政策，以便提供會員詳閱。</span></p>', '<p><span style="color: rgb(33, 37, 41);">宅配到家 ($ 100&nbsp;)&nbsp;&nbsp;/&nbsp;7-11 ($ 80&nbsp;)&nbsp;&nbsp;/&nbsp;全家 ($ 80&nbsp;)</span></p><p>＊ 實際運費依結帳頁面金額或到貨收款金額為準。</p>', '{}', 1, 0, '2023-01-10 05:31:11', '2023-01-10 05:31:11');
INSERT INTO demo.product (id, name, category_id, description, currency_id, price, special_price, max_quantity, pictures, return_policy, change_order_policy, delivery_policy, extra, is_enabled, is_custom_award_level, created_at, updated_at) VALUES (30, '咖啡因洗髮乳29', 13, '<p><span style="color: rgb(33, 37, 41);">｜特色｜</span></p><p><span style="color: rgb(33, 37, 41);">全機 400g，像隨行杯一樣好拿好帶好收納</span></p><p><span style="color: rgb(33, 37, 41);">一體成形，一手翻轉，想要的功能即刻到位</span></p><p><span style="color: rgb(33, 37, 41);">一秒速熱，專業級 MCH 高溫陶瓷發熱片</span></p><p><span style="color: rgb(33, 37, 41);">兩檔溫度 120 °/170 ° 拒絕溫感、秒平皺褶</span></p><p><span style="color: rgb(33, 37, 41);">高效率除毛球，6,500RPM 高轉速俐落乾淨</span></p><p><span style="color: rgb(33, 37, 41);">TYPE-C USB 規格全球通用，熨衣免找插座</span></p><p><span style="color: rgb(33, 37, 41);">8,000mAh 大容量電池，可為手機供應電能</span></p><p><span style="color: rgb(33, 37, 41);">搭載 NTC 感溫探頭，過熱自動斷電保護安全</span></p><p><br></p><p><span style="color: rgb(33, 37, 41);">｜規格｜</span></p><p><span style="color: rgb(33, 37, 41);">額定電壓/電流：DC5V/1.5A</span></p><p><span style="color: rgb(33, 37, 41);">功率：熨燙 130W／除毛球 20W</span></p><p><span style="color: rgb(33, 37, 41);">電池規格：內建18650鋰電池8000mAh</span></p><p><span style="color: rgb(33, 37, 41);">熨燙板溫度：120 ／ 170度C</span></p><p><span style="color: rgb(33, 37, 41);">除毛球機轉速：6500 rpm</span></p><p><span style="color: rgb(33, 37, 41);">充電時間：約6小時</span></p><p><span style="color: rgb(33, 37, 41);">使用時間：熨燙約30min、除毛球25HR</span></p><p><span style="color: rgb(33, 37, 41);">材質：機身 ABS+PC塑料／蓋子 矽膠／刀片 不鏽鋼／面板 鋁鑄陶瓷塗層／隔熱墊 麗絲絨</span></p><p><br></p><p><span style="color: rgb(33, 37, 41);">｜保固說明｜</span></p><p><span style="color: rgb(33, 37, 41);">非人為因素之損壞，原廠保固一年</span></p><p><span style="color: rgb(33, 37, 41);">使用前請確實遵從產品說明書內之操作指示及注意事項</span></p><p><span style="color: rgb(33, 37, 41);">如需辦理退換貨，包裝與配件須完整(商品配件、包裝完整，無刮痕損傷)</span></p>', 1, 230, 0, 6, '["upload/demo/1673430871896.jpeg","upload/demo/1673430886736.jpeg","upload/demo/1673430895521.jpeg","upload/demo/1673430904999.jpeg","upload/demo/1673430915905.jpeg"]', '<p><span style="color: rgb(33, 37, 41);">· 依照消費者保護法規定，消費者享有商品到貨7日鑑賞期（包含例假日）之權益，7日鑑賞期並非「試用期」，並保持商品之完整。</span></p><p><span style="color: rgb(33, 37, 41);">· 為保障雙方權益，請您在拆封時務必全程錄影，以確保商品是否遺漏或破損。</span></p><p><span style="color: rgb(33, 37, 41);">· 基於衛生考量我們無法在任何已拆封或已使用的商品上進行更換。</span></p><p><span style="color: rgb(33, 37, 41);">本規範未盡之事宜麗鑫生技股份有限公司保有變更、補充、終止、解釋部份規範內容之權力，</span></p><p><span style="color: rgb(33, 37, 41);">並將以上述公告於官網之退換貨政策，以便提供會員詳閱。</span></p>', '<p><span style="color: rgb(33, 37, 41);">· 依照消費者保護法規定，消費者享有商品到貨7日鑑賞期（包含例假日）之權益，7日鑑賞期並非「試用期」，並保持商品之完整。</span></p><p><span style="color: rgb(33, 37, 41);">· 為保障雙方權益，請您在拆封時務必全程錄影，以確保商品是否遺漏或破損。</span></p><p><span style="color: rgb(33, 37, 41);">· 基於衛生考量我們無法在任何已拆封或已使用的商品上進行更換。</span></p><p><span style="color: rgb(33, 37, 41);">本規範未盡之事宜麗鑫生技股份有限公司保有變更、補充、終止、解釋部份規範內容之權力，</span></p><p><span style="color: rgb(33, 37, 41);">並將以上述公告於官網之退換貨政策，以便提供會員詳閱。</span></p>', '<p><span style="color: rgb(33, 37, 41);">宅配到家 ($ 100&nbsp;)&nbsp;&nbsp;/&nbsp;7-11 ($ 80&nbsp;)&nbsp;&nbsp;/&nbsp;全家 ($ 80&nbsp;)</span></p><p>＊ 實際運費依結帳頁面金額或到貨收款金額為準。</p>', '{}', 1, 0, '2023-01-10 05:30:39', '2023-01-10 05:30:39');
INSERT INTO demo.product (id, name, category_id, description, currency_id, price, special_price, max_quantity, pictures, return_policy, change_order_policy, delivery_policy, extra, is_enabled, is_custom_award_level, created_at, updated_at) VALUES (31, '咖啡因洗髮乳30', 13, '<p><span style="color: rgb(33, 37, 41);">｜特色｜</span></p><p><span style="color: rgb(33, 37, 41);">全機 400g，像隨行杯一樣好拿好帶好收納</span></p><p><span style="color: rgb(33, 37, 41);">一體成形，一手翻轉，想要的功能即刻到位</span></p><p><span style="color: rgb(33, 37, 41);">一秒速熱，專業級 MCH 高溫陶瓷發熱片</span></p><p><span style="color: rgb(33, 37, 41);">兩檔溫度 120 °/170 ° 拒絕溫感、秒平皺褶</span></p><p><span style="color: rgb(33, 37, 41);">高效率除毛球，6,500RPM 高轉速俐落乾淨</span></p><p><span style="color: rgb(33, 37, 41);">TYPE-C USB 規格全球通用，熨衣免找插座</span></p><p><span style="color: rgb(33, 37, 41);">8,000mAh 大容量電池，可為手機供應電能</span></p><p><span style="color: rgb(33, 37, 41);">搭載 NTC 感溫探頭，過熱自動斷電保護安全</span></p><p><br></p><p><span style="color: rgb(33, 37, 41);">｜規格｜</span></p><p><span style="color: rgb(33, 37, 41);">額定電壓/電流：DC5V/1.5A</span></p><p><span style="color: rgb(33, 37, 41);">功率：熨燙 130W／除毛球 20W</span></p><p><span style="color: rgb(33, 37, 41);">電池規格：內建18650鋰電池8000mAh</span></p><p><span style="color: rgb(33, 37, 41);">熨燙板溫度：120 ／ 170度C</span></p><p><span style="color: rgb(33, 37, 41);">除毛球機轉速：6500 rpm</span></p><p><span style="color: rgb(33, 37, 41);">充電時間：約6小時</span></p><p><span style="color: rgb(33, 37, 41);">使用時間：熨燙約30min、除毛球25HR</span></p><p><span style="color: rgb(33, 37, 41);">材質：機身 ABS+PC塑料／蓋子 矽膠／刀片 不鏽鋼／面板 鋁鑄陶瓷塗層／隔熱墊 麗絲絨</span></p><p><br></p><p><span style="color: rgb(33, 37, 41);">｜保固說明｜</span></p><p><span style="color: rgb(33, 37, 41);">非人為因素之損壞，原廠保固一年</span></p><p><span style="color: rgb(33, 37, 41);">使用前請確實遵從產品說明書內之操作指示及注意事項</span></p><p><span style="color: rgb(33, 37, 41);">如需辦理退換貨，包裝與配件須完整(商品配件、包裝完整，無刮痕損傷)</span></p>', 1, 230, 200, 6, '["upload/demo/1673430871896.jpeg","upload/demo/1673430886736.jpeg","upload/demo/1673430895521.jpeg","upload/demo/1673430904999.jpeg","upload/demo/1673430915905.jpeg"]', '<p><span style="color: rgb(33, 37, 41);">· 依照消費者保護法規定，消費者享有商品到貨7日鑑賞期（包含例假日）之權益，7日鑑賞期並非「試用期」，並保持商品之完整。</span></p><p><span style="color: rgb(33, 37, 41);">· 為保障雙方權益，請您在拆封時務必全程錄影，以確保商品是否遺漏或破損。</span></p><p><span style="color: rgb(33, 37, 41);">· 基於衛生考量我們無法在任何已拆封或已使用的商品上進行更換。</span></p><p><span style="color: rgb(33, 37, 41);">本規範未盡之事宜麗鑫生技股份有限公司保有變更、補充、終止、解釋部份規範內容之權力，</span></p><p><span style="color: rgb(33, 37, 41);">並將以上述公告於官網之退換貨政策，以便提供會員詳閱。</span></p>', '<p><span style="color: rgb(33, 37, 41);">· 依照消費者保護法規定，消費者享有商品到貨7日鑑賞期（包含例假日）之權益，7日鑑賞期並非「試用期」，並保持商品之完整。</span></p><p><span style="color: rgb(33, 37, 41);">· 為保障雙方權益，請您在拆封時務必全程錄影，以確保商品是否遺漏或破損。</span></p><p><span style="color: rgb(33, 37, 41);">· 基於衛生考量我們無法在任何已拆封或已使用的商品上進行更換。</span></p><p><span style="color: rgb(33, 37, 41);">本規範未盡之事宜麗鑫生技股份有限公司保有變更、補充、終止、解釋部份規範內容之權力，</span></p><p><span style="color: rgb(33, 37, 41);">並將以上述公告於官網之退換貨政策，以便提供會員詳閱。</span></p>', '<p><span style="color: rgb(33, 37, 41);">宅配到家 ($ 100&nbsp;)&nbsp;&nbsp;/&nbsp;7-11 ($ 80&nbsp;)&nbsp;&nbsp;/&nbsp;全家 ($ 80&nbsp;)</span></p><p>＊ 實際運費依結帳頁面金額或到貨收款金額為準。</p>', '{}', 1, 0, '2023-01-10 05:30:55', '2023-01-10 05:30:55');
INSERT INTO demo.product (id, name, category_id, description, currency_id, price, special_price, max_quantity, pictures, return_policy, change_order_policy, delivery_policy, extra, is_enabled, is_custom_award_level, created_at, updated_at) VALUES (32, '咖啡因洗髮乳31', 13, '<p><span style="color: rgb(33, 37, 41);">｜特色｜</span></p><p><span style="color: rgb(33, 37, 41);">全機 400g，像隨行杯一樣好拿好帶好收納</span></p><p><span style="color: rgb(33, 37, 41);">一體成形，一手翻轉，想要的功能即刻到位</span></p><p><span style="color: rgb(33, 37, 41);">一秒速熱，專業級 MCH 高溫陶瓷發熱片</span></p><p><span style="color: rgb(33, 37, 41);">兩檔溫度 120 °/170 ° 拒絕溫感、秒平皺褶</span></p><p><span style="color: rgb(33, 37, 41);">高效率除毛球，6,500RPM 高轉速俐落乾淨</span></p><p><span style="color: rgb(33, 37, 41);">TYPE-C USB 規格全球通用，熨衣免找插座</span></p><p><span style="color: rgb(33, 37, 41);">8,000mAh 大容量電池，可為手機供應電能</span></p><p><span style="color: rgb(33, 37, 41);">搭載 NTC 感溫探頭，過熱自動斷電保護安全</span></p><p><br></p><p><span style="color: rgb(33, 37, 41);">｜規格｜</span></p><p><span style="color: rgb(33, 37, 41);">額定電壓/電流：DC5V/1.5A</span></p><p><span style="color: rgb(33, 37, 41);">功率：熨燙 130W／除毛球 20W</span></p><p><span style="color: rgb(33, 37, 41);">電池規格：內建18650鋰電池8000mAh</span></p><p><span style="color: rgb(33, 37, 41);">熨燙板溫度：120 ／ 170度C</span></p><p><span style="color: rgb(33, 37, 41);">除毛球機轉速：6500 rpm</span></p><p><span style="color: rgb(33, 37, 41);">充電時間：約6小時</span></p><p><span style="color: rgb(33, 37, 41);">使用時間：熨燙約30min、除毛球25HR</span></p><p><span style="color: rgb(33, 37, 41);">材質：機身 ABS+PC塑料／蓋子 矽膠／刀片 不鏽鋼／面板 鋁鑄陶瓷塗層／隔熱墊 麗絲絨</span></p><p><br></p><p><span style="color: rgb(33, 37, 41);">｜保固說明｜</span></p><p><span style="color: rgb(33, 37, 41);">非人為因素之損壞，原廠保固一年</span></p><p><span style="color: rgb(33, 37, 41);">使用前請確實遵從產品說明書內之操作指示及注意事項</span></p><p><span style="color: rgb(33, 37, 41);">如需辦理退換貨，包裝與配件須完整(商品配件、包裝完整，無刮痕損傷)</span></p>', 1, 230, 0, 6, '["upload/demo/1673430871896.jpeg","upload/demo/1673430886736.jpeg","upload/demo/1673430895521.jpeg","upload/demo/1673430904999.jpeg","upload/demo/1673430915905.jpeg"]', '<p><span style="color: rgb(33, 37, 41);">· 依照消費者保護法規定，消費者享有商品到貨7日鑑賞期（包含例假日）之權益，7日鑑賞期並非「試用期」，並保持商品之完整。</span></p><p><span style="color: rgb(33, 37, 41);">· 為保障雙方權益，請您在拆封時務必全程錄影，以確保商品是否遺漏或破損。</span></p><p><span style="color: rgb(33, 37, 41);">· 基於衛生考量我們無法在任何已拆封或已使用的商品上進行更換。</span></p><p><span style="color: rgb(33, 37, 41);">本規範未盡之事宜麗鑫生技股份有限公司保有變更、補充、終止、解釋部份規範內容之權力，</span></p><p><span style="color: rgb(33, 37, 41);">並將以上述公告於官網之退換貨政策，以便提供會員詳閱。</span></p>', '<p><span style="color: rgb(33, 37, 41);">· 依照消費者保護法規定，消費者享有商品到貨7日鑑賞期（包含例假日）之權益，7日鑑賞期並非「試用期」，並保持商品之完整。</span></p><p><span style="color: rgb(33, 37, 41);">· 為保障雙方權益，請您在拆封時務必全程錄影，以確保商品是否遺漏或破損。</span></p><p><span style="color: rgb(33, 37, 41);">· 基於衛生考量我們無法在任何已拆封或已使用的商品上進行更換。</span></p><p><span style="color: rgb(33, 37, 41);">本規範未盡之事宜麗鑫生技股份有限公司保有變更、補充、終止、解釋部份規範內容之權力，</span></p><p><span style="color: rgb(33, 37, 41);">並將以上述公告於官網之退換貨政策，以便提供會員詳閱。</span></p>', '<p><span style="color: rgb(33, 37, 41);">宅配到家 ($ 100&nbsp;)&nbsp;&nbsp;/&nbsp;7-11 ($ 80&nbsp;)&nbsp;&nbsp;/&nbsp;全家 ($ 80&nbsp;)</span></p><p>＊ 實際運費依結帳頁面金額或到貨收款金額為準。</p>', '{}', 1, 0, '2023-01-10 05:31:10', '2023-01-10 05:31:10');
INSERT INTO demo.product (id, name, category_id, description, currency_id, price, special_price, max_quantity, pictures, return_policy, change_order_policy, delivery_policy, extra, is_enabled, is_custom_award_level, created_at, updated_at) VALUES (33, '咖啡因洗髮乳32', 13, '<p><span style="color: rgb(33, 37, 41);">｜特色｜</span></p><p><span style="color: rgb(33, 37, 41);">全機 400g，像隨行杯一樣好拿好帶好收納</span></p><p><span style="color: rgb(33, 37, 41);">一體成形，一手翻轉，想要的功能即刻到位</span></p><p><span style="color: rgb(33, 37, 41);">一秒速熱，專業級 MCH 高溫陶瓷發熱片</span></p><p><span style="color: rgb(33, 37, 41);">兩檔溫度 120 °/170 ° 拒絕溫感、秒平皺褶</span></p><p><span style="color: rgb(33, 37, 41);">高效率除毛球，6,500RPM 高轉速俐落乾淨</span></p><p><span style="color: rgb(33, 37, 41);">TYPE-C USB 規格全球通用，熨衣免找插座</span></p><p><span style="color: rgb(33, 37, 41);">8,000mAh 大容量電池，可為手機供應電能</span></p><p><span style="color: rgb(33, 37, 41);">搭載 NTC 感溫探頭，過熱自動斷電保護安全</span></p><p><br></p><p><span style="color: rgb(33, 37, 41);">｜規格｜</span></p><p><span style="color: rgb(33, 37, 41);">額定電壓/電流：DC5V/1.5A</span></p><p><span style="color: rgb(33, 37, 41);">功率：熨燙 130W／除毛球 20W</span></p><p><span style="color: rgb(33, 37, 41);">電池規格：內建18650鋰電池8000mAh</span></p><p><span style="color: rgb(33, 37, 41);">熨燙板溫度：120 ／ 170度C</span></p><p><span style="color: rgb(33, 37, 41);">除毛球機轉速：6500 rpm</span></p><p><span style="color: rgb(33, 37, 41);">充電時間：約6小時</span></p><p><span style="color: rgb(33, 37, 41);">使用時間：熨燙約30min、除毛球25HR</span></p><p><span style="color: rgb(33, 37, 41);">材質：機身 ABS+PC塑料／蓋子 矽膠／刀片 不鏽鋼／面板 鋁鑄陶瓷塗層／隔熱墊 麗絲絨</span></p><p><br></p><p><span style="color: rgb(33, 37, 41);">｜保固說明｜</span></p><p><span style="color: rgb(33, 37, 41);">非人為因素之損壞，原廠保固一年</span></p><p><span style="color: rgb(33, 37, 41);">使用前請確實遵從產品說明書內之操作指示及注意事項</span></p><p><span style="color: rgb(33, 37, 41);">如需辦理退換貨，包裝與配件須完整(商品配件、包裝完整，無刮痕損傷)</span></p>', 1, 230, 0, 6, '["upload/demo/1673430871896.jpeg","upload/demo/1673430886736.jpeg","upload/demo/1673430895521.jpeg","upload/demo/1673430904999.jpeg","upload/demo/1673430915905.jpeg"]', '<p><span style="color: rgb(33, 37, 41);">· 依照消費者保護法規定，消費者享有商品到貨7日鑑賞期（包含例假日）之權益，7日鑑賞期並非「試用期」，並保持商品之完整。</span></p><p><span style="color: rgb(33, 37, 41);">· 為保障雙方權益，請您在拆封時務必全程錄影，以確保商品是否遺漏或破損。</span></p><p><span style="color: rgb(33, 37, 41);">· 基於衛生考量我們無法在任何已拆封或已使用的商品上進行更換。</span></p><p><span style="color: rgb(33, 37, 41);">本規範未盡之事宜麗鑫生技股份有限公司保有變更、補充、終止、解釋部份規範內容之權力，</span></p><p><span style="color: rgb(33, 37, 41);">並將以上述公告於官網之退換貨政策，以便提供會員詳閱。</span></p>', '<p><span style="color: rgb(33, 37, 41);">· 依照消費者保護法規定，消費者享有商品到貨7日鑑賞期（包含例假日）之權益，7日鑑賞期並非「試用期」，並保持商品之完整。</span></p><p><span style="color: rgb(33, 37, 41);">· 為保障雙方權益，請您在拆封時務必全程錄影，以確保商品是否遺漏或破損。</span></p><p><span style="color: rgb(33, 37, 41);">· 基於衛生考量我們無法在任何已拆封或已使用的商品上進行更換。</span></p><p><span style="color: rgb(33, 37, 41);">本規範未盡之事宜麗鑫生技股份有限公司保有變更、補充、終止、解釋部份規範內容之權力，</span></p><p><span style="color: rgb(33, 37, 41);">並將以上述公告於官網之退換貨政策，以便提供會員詳閱。</span></p>', '<p><span style="color: rgb(33, 37, 41);">宅配到家 ($ 100&nbsp;)&nbsp;&nbsp;/&nbsp;7-11 ($ 80&nbsp;)&nbsp;&nbsp;/&nbsp;全家 ($ 80&nbsp;)</span></p><p>＊ 實際運費依結帳頁面金額或到貨收款金額為準。</p>', '{}', 1, 0, '2023-01-10 05:31:11', '2023-01-10 05:31:11');

TRUNCATE demo.product_spec;
INSERT INTO demo.product_spec (id, product_id, level, level_name, name, created_at, updated_at) VALUES (1, 1, 1, '方案', '1個月', '2023-01-03 04:17:37', '2023-01-03 04:17:37');
INSERT INTO demo.product_spec (id, product_id, level, level_name, name, created_at, updated_at) VALUES (2, 2, 1, '顏色', '藍色', '2023-01-10 05:41:37', '2023-01-10 05:41:37');
INSERT INTO demo.product_spec (id, product_id, level, level_name, name, created_at, updated_at) VALUES (3, 2, 1, '顏色', '綠色', '2023-01-10 05:41:37', '2023-01-10 05:41:37');
INSERT INTO demo.product_spec (id, product_id, level, level_name, name, created_at, updated_at) VALUES (4, 2, 1, '顏色', '紅色', '2023-01-10 05:41:37', '2023-01-10 05:41:37');
INSERT INTO demo.product_spec (id, product_id, level, level_name, name, created_at, updated_at) VALUES (5, 2, 2, '尺寸', 'XL', '2023-01-10 05:41:37', '2023-01-10 05:41:37');
INSERT INTO demo.product_spec (id, product_id, level, level_name, name, created_at, updated_at) VALUES (6, 2, 2, '尺寸', 'L', '2023-01-10 05:41:37', '2023-01-10 05:41:37');
INSERT INTO demo.product_spec (id, product_id, level, level_name, name, created_at, updated_at) VALUES (7, 2, 2, '尺寸', 'M', '2023-01-10 05:41:37', '2023-01-10 05:41:37');
INSERT INTO demo.product_spec (id, product_id, level, level_name, name, created_at, updated_at) VALUES (8, 2, 2, '尺寸', 'S', '2023-01-10 05:41:37', '2023-01-10 05:41:37');
INSERT INTO demo.product_spec (id, product_id, level, level_name, name, created_at, updated_at) VALUES (9, 3, 1, '容量', '1000ml', '2023-01-10 05:42:42', '2023-01-10 05:42:42');
INSERT INTO demo.product_spec (id, product_id, level, level_name, name, created_at, updated_at) VALUES (10, 3, 1, '容量', '850ml', '2023-01-10 05:42:42', '2023-01-10 05:42:42');
INSERT INTO demo.product_spec (id, product_id, level, level_name, name, created_at, updated_at) VALUES (11, 3, 1, '容量', '700ml', '2023-01-10 05:42:42', '2023-01-10 05:42:42');
INSERT INTO demo.product_spec (id, product_id, level, level_name, name, created_at, updated_at) VALUES (12, 4, 1, '顏色', '藍色', '2023-01-10 05:41:37', '2023-01-10 05:41:37');
INSERT INTO demo.product_spec (id, product_id, level, level_name, name, created_at, updated_at) VALUES (13, 4, 1, '顏色', '綠色', '2023-01-10 05:41:37', '2023-01-10 05:41:37');
INSERT INTO demo.product_spec (id, product_id, level, level_name, name, created_at, updated_at) VALUES (14, 4, 1, '顏色', '紅色', '2023-01-10 05:41:37', '2023-01-10 05:41:37');
INSERT INTO demo.product_spec (id, product_id, level, level_name, name, created_at, updated_at) VALUES (15, 4, 2, '尺寸', 'XL', '2023-01-10 05:41:37', '2023-01-10 05:41:37');
INSERT INTO demo.product_spec (id, product_id, level, level_name, name, created_at, updated_at) VALUES (16, 4, 2, '尺寸', 'L', '2023-01-10 05:41:37', '2023-01-10 05:41:37');
INSERT INTO demo.product_spec (id, product_id, level, level_name, name, created_at, updated_at) VALUES (17, 4, 2, '尺寸', 'M', '2023-01-10 05:41:37', '2023-01-10 05:41:37');
INSERT INTO demo.product_spec (id, product_id, level, level_name, name, created_at, updated_at) VALUES (18, 4, 2, '尺寸', 'S', '2023-01-10 05:41:37', '2023-01-10 05:41:37');
INSERT INTO demo.product_spec (id, product_id, level, level_name, name, created_at, updated_at) VALUES (19, 5, 1, '容量', '1000ml', '2023-01-10 05:42:42', '2023-01-10 05:42:42');
INSERT INTO demo.product_spec (id, product_id, level, level_name, name, created_at, updated_at) VALUES (20, 5, 1, '容量', '850ml', '2023-01-10 05:42:42', '2023-01-10 05:42:42');
INSERT INTO demo.product_spec (id, product_id, level, level_name, name, created_at, updated_at) VALUES (21, 5, 1, '容量', '700ml', '2023-01-10 05:42:42', '2023-01-10 05:42:42');
INSERT INTO demo.product_spec (id, product_id, level, level_name, name, created_at, updated_at) VALUES (22, 6, 1, '顏色', '藍色', '2023-01-10 05:41:37', '2023-01-10 05:41:37');
INSERT INTO demo.product_spec (id, product_id, level, level_name, name, created_at, updated_at) VALUES (23, 6, 1, '顏色', '綠色', '2023-01-10 05:41:37', '2023-01-10 05:41:37');
INSERT INTO demo.product_spec (id, product_id, level, level_name, name, created_at, updated_at) VALUES (24, 6, 1, '顏色', '紅色', '2023-01-10 05:41:37', '2023-01-10 05:41:37');
INSERT INTO demo.product_spec (id, product_id, level, level_name, name, created_at, updated_at) VALUES (25, 6, 2, '尺寸', 'XL', '2023-01-10 05:41:37', '2023-01-10 05:41:37');
INSERT INTO demo.product_spec (id, product_id, level, level_name, name, created_at, updated_at) VALUES (26, 6, 2, '尺寸', 'L', '2023-01-10 05:41:37', '2023-01-10 05:41:37');
INSERT INTO demo.product_spec (id, product_id, level, level_name, name, created_at, updated_at) VALUES (27, 6, 2, '尺寸', 'M', '2023-01-10 05:41:37', '2023-01-10 05:41:37');
INSERT INTO demo.product_spec (id, product_id, level, level_name, name, created_at, updated_at) VALUES (28, 6, 2, '尺寸', 'S', '2023-01-10 05:41:37', '2023-01-10 05:41:37');
INSERT INTO demo.product_spec (id, product_id, level, level_name, name, created_at, updated_at) VALUES (29, 7, 1, '容量', '1000ml', '2023-01-10 05:42:42', '2023-01-10 05:42:42');
INSERT INTO demo.product_spec (id, product_id, level, level_name, name, created_at, updated_at) VALUES (30, 7, 1, '容量', '850ml', '2023-01-10 05:42:42', '2023-01-10 05:42:42');
INSERT INTO demo.product_spec (id, product_id, level, level_name, name, created_at, updated_at) VALUES (31, 7, 1, '容量', '700ml', '2023-01-10 05:42:42', '2023-01-10 05:42:42');
INSERT INTO demo.product_spec (id, product_id, level, level_name, name, created_at, updated_at) VALUES (32, 8, 1, '顏色', '藍色', '2023-01-10 05:41:37', '2023-01-10 05:41:37');
INSERT INTO demo.product_spec (id, product_id, level, level_name, name, created_at, updated_at) VALUES (33, 8, 1, '顏色', '綠色', '2023-01-10 05:41:37', '2023-01-10 05:41:37');
INSERT INTO demo.product_spec (id, product_id, level, level_name, name, created_at, updated_at) VALUES (34, 8, 1, '顏色', '紅色', '2023-01-10 05:41:37', '2023-01-10 05:41:37');
INSERT INTO demo.product_spec (id, product_id, level, level_name, name, created_at, updated_at) VALUES (35, 8, 2, '尺寸', 'XL', '2023-01-10 05:41:37', '2023-01-10 05:41:37');
INSERT INTO demo.product_spec (id, product_id, level, level_name, name, created_at, updated_at) VALUES (36, 8, 2, '尺寸', 'L', '2023-01-10 05:41:37', '2023-01-10 05:41:37');
INSERT INTO demo.product_spec (id, product_id, level, level_name, name, created_at, updated_at) VALUES (37, 8, 2, '尺寸', 'M', '2023-01-10 05:41:37', '2023-01-10 05:41:37');
INSERT INTO demo.product_spec (id, product_id, level, level_name, name, created_at, updated_at) VALUES (38, 8, 2, '尺寸', 'S', '2023-01-10 05:41:37', '2023-01-10 05:41:37');
INSERT INTO demo.product_spec (id, product_id, level, level_name, name, created_at, updated_at) VALUES (39, 9, 1, '容量', '1000ml', '2023-01-10 05:42:42', '2023-01-10 05:42:42');
INSERT INTO demo.product_spec (id, product_id, level, level_name, name, created_at, updated_at) VALUES (40, 9, 1, '容量', '850ml', '2023-01-10 05:42:42', '2023-01-10 05:42:42');
INSERT INTO demo.product_spec (id, product_id, level, level_name, name, created_at, updated_at) VALUES (41, 9, 1, '容量', '700ml', '2023-01-10 05:42:42', '2023-01-10 05:42:42');
INSERT INTO demo.product_spec (id, product_id, level, level_name, name, created_at, updated_at) VALUES (42, 10, 1, '顏色', '藍色', '2023-01-10 05:41:37', '2023-01-10 05:41:37');
INSERT INTO demo.product_spec (id, product_id, level, level_name, name, created_at, updated_at) VALUES (43, 10, 1, '顏色', '綠色', '2023-01-10 05:41:37', '2023-01-10 05:41:37');
INSERT INTO demo.product_spec (id, product_id, level, level_name, name, created_at, updated_at) VALUES (44, 10, 1, '顏色', '紅色', '2023-01-10 05:41:37', '2023-01-10 05:41:37');
INSERT INTO demo.product_spec (id, product_id, level, level_name, name, created_at, updated_at) VALUES (45, 10, 2, '尺寸', 'XL', '2023-01-10 05:41:37', '2023-01-10 05:41:37');
INSERT INTO demo.product_spec (id, product_id, level, level_name, name, created_at, updated_at) VALUES (46, 10, 2, '尺寸', 'L', '2023-01-10 05:41:37', '2023-01-10 05:41:37');
INSERT INTO demo.product_spec (id, product_id, level, level_name, name, created_at, updated_at) VALUES (47, 10, 2, '尺寸', 'M', '2023-01-10 05:41:37', '2023-01-10 05:41:37');
INSERT INTO demo.product_spec (id, product_id, level, level_name, name, created_at, updated_at) VALUES (48, 10, 2, '尺寸', 'S', '2023-01-10 05:41:37', '2023-01-10 05:41:37');
INSERT INTO demo.product_spec (id, product_id, level, level_name, name, created_at, updated_at) VALUES (49, 11, 1, '容量', '1000ml', '2023-01-10 05:42:42', '2023-01-10 05:42:42');
INSERT INTO demo.product_spec (id, product_id, level, level_name, name, created_at, updated_at) VALUES (50, 11, 1, '容量', '850ml', '2023-01-10 05:42:42', '2023-01-10 05:42:42');
INSERT INTO demo.product_spec (id, product_id, level, level_name, name, created_at, updated_at) VALUES (51, 11, 1, '容量', '700ml', '2023-01-10 05:42:42', '2023-01-10 05:42:42');
INSERT INTO demo.product_spec (id, product_id, level, level_name, name, created_at, updated_at) VALUES (52, 12, 1, '顏色', '藍色', '2023-01-10 05:41:37', '2023-01-10 05:41:37');
INSERT INTO demo.product_spec (id, product_id, level, level_name, name, created_at, updated_at) VALUES (53, 12, 1, '顏色', '綠色', '2023-01-10 05:41:37', '2023-01-10 05:41:37');
INSERT INTO demo.product_spec (id, product_id, level, level_name, name, created_at, updated_at) VALUES (54, 12, 1, '顏色', '紅色', '2023-01-10 05:41:37', '2023-01-10 05:41:37');
INSERT INTO demo.product_spec (id, product_id, level, level_name, name, created_at, updated_at) VALUES (55, 12, 2, '尺寸', 'XL', '2023-01-10 05:41:37', '2023-01-10 05:41:37');
INSERT INTO demo.product_spec (id, product_id, level, level_name, name, created_at, updated_at) VALUES (56, 12, 2, '尺寸', 'L', '2023-01-10 05:41:37', '2023-01-10 05:41:37');
INSERT INTO demo.product_spec (id, product_id, level, level_name, name, created_at, updated_at) VALUES (57, 12, 2, '尺寸', 'M', '2023-01-10 05:41:37', '2023-01-10 05:41:37');
INSERT INTO demo.product_spec (id, product_id, level, level_name, name, created_at, updated_at) VALUES (58, 12, 2, '尺寸', 'S', '2023-01-10 05:41:37', '2023-01-10 05:41:37');
INSERT INTO demo.product_spec (id, product_id, level, level_name, name, created_at, updated_at) VALUES (59, 13, 1, '容量', '1000ml', '2023-01-10 05:42:42', '2023-01-10 05:42:42');
INSERT INTO demo.product_spec (id, product_id, level, level_name, name, created_at, updated_at) VALUES (60, 13, 1, '容量', '850ml', '2023-01-10 05:42:42', '2023-01-10 05:42:42');
INSERT INTO demo.product_spec (id, product_id, level, level_name, name, created_at, updated_at) VALUES (61, 13, 1, '容量', '700ml', '2023-01-10 05:42:42', '2023-01-10 05:42:42');
INSERT INTO demo.product_spec (id, product_id, level, level_name, name, created_at, updated_at) VALUES (62, 14, 1, '顏色', '藍色', '2023-01-10 05:41:37', '2023-01-10 05:41:37');
INSERT INTO demo.product_spec (id, product_id, level, level_name, name, created_at, updated_at) VALUES (63, 14, 1, '顏色', '綠色', '2023-01-10 05:41:37', '2023-01-10 05:41:37');
INSERT INTO demo.product_spec (id, product_id, level, level_name, name, created_at, updated_at) VALUES (64, 14, 1, '顏色', '紅色', '2023-01-10 05:41:37', '2023-01-10 05:41:37');
INSERT INTO demo.product_spec (id, product_id, level, level_name, name, created_at, updated_at) VALUES (65, 14, 2, '尺寸', 'XL', '2023-01-10 05:41:37', '2023-01-10 05:41:37');
INSERT INTO demo.product_spec (id, product_id, level, level_name, name, created_at, updated_at) VALUES (66, 14, 2, '尺寸', 'L', '2023-01-10 05:41:37', '2023-01-10 05:41:37');
INSERT INTO demo.product_spec (id, product_id, level, level_name, name, created_at, updated_at) VALUES (67, 14, 2, '尺寸', 'M', '2023-01-10 05:41:37', '2023-01-10 05:41:37');
INSERT INTO demo.product_spec (id, product_id, level, level_name, name, created_at, updated_at) VALUES (68, 14, 2, '尺寸', 'S', '2023-01-10 05:41:37', '2023-01-10 05:41:37');
INSERT INTO demo.product_spec (id, product_id, level, level_name, name, created_at, updated_at) VALUES (69, 15, 1, '容量', '1000ml', '2023-01-10 05:42:42', '2023-01-10 05:42:42');
INSERT INTO demo.product_spec (id, product_id, level, level_name, name, created_at, updated_at) VALUES (70, 15, 1, '容量', '850ml', '2023-01-10 05:42:42', '2023-01-10 05:42:42');
INSERT INTO demo.product_spec (id, product_id, level, level_name, name, created_at, updated_at) VALUES (71, 15, 1, '容量', '700ml', '2023-01-10 05:42:42', '2023-01-10 05:42:42');
INSERT INTO demo.product_spec (id, product_id, level, level_name, name, created_at, updated_at) VALUES (72, 16, 1, '顏色', '藍色', '2023-01-10 05:41:37', '2023-01-10 05:41:37');
INSERT INTO demo.product_spec (id, product_id, level, level_name, name, created_at, updated_at) VALUES (73, 16, 1, '顏色', '綠色', '2023-01-10 05:41:37', '2023-01-10 05:41:37');
INSERT INTO demo.product_spec (id, product_id, level, level_name, name, created_at, updated_at) VALUES (74, 16, 1, '顏色', '紅色', '2023-01-10 05:41:37', '2023-01-10 05:41:37');
INSERT INTO demo.product_spec (id, product_id, level, level_name, name, created_at, updated_at) VALUES (75, 16, 2, '尺寸', 'XL', '2023-01-10 05:41:37', '2023-01-10 05:41:37');
INSERT INTO demo.product_spec (id, product_id, level, level_name, name, created_at, updated_at) VALUES (76, 16, 2, '尺寸', 'L', '2023-01-10 05:41:37', '2023-01-10 05:41:37');
INSERT INTO demo.product_spec (id, product_id, level, level_name, name, created_at, updated_at) VALUES (77, 16, 2, '尺寸', 'M', '2023-01-10 05:41:37', '2023-01-10 05:41:37');
INSERT INTO demo.product_spec (id, product_id, level, level_name, name, created_at, updated_at) VALUES (78, 16, 2, '尺寸', 'S', '2023-01-10 05:41:37', '2023-01-10 05:41:37');
INSERT INTO demo.product_spec (id, product_id, level, level_name, name, created_at, updated_at) VALUES (79, 17, 1, '容量', '1000ml', '2023-01-10 05:42:42', '2023-01-10 05:42:42');
INSERT INTO demo.product_spec (id, product_id, level, level_name, name, created_at, updated_at) VALUES (80, 17, 1, '容量', '850ml', '2023-01-10 05:42:42', '2023-01-10 05:42:42');
INSERT INTO demo.product_spec (id, product_id, level, level_name, name, created_at, updated_at) VALUES (81, 17, 1, '容量', '700ml', '2023-01-10 05:42:42', '2023-01-10 05:42:42');
INSERT INTO demo.product_spec (id, product_id, level, level_name, name, created_at, updated_at) VALUES (82, 18, 1, '顏色', '藍色', '2023-01-10 05:41:37', '2023-01-10 05:41:37');
INSERT INTO demo.product_spec (id, product_id, level, level_name, name, created_at, updated_at) VALUES (83, 18, 1, '顏色', '綠色', '2023-01-10 05:41:37', '2023-01-10 05:41:37');
INSERT INTO demo.product_spec (id, product_id, level, level_name, name, created_at, updated_at) VALUES (84, 18, 1, '顏色', '紅色', '2023-01-10 05:41:37', '2023-01-10 05:41:37');
INSERT INTO demo.product_spec (id, product_id, level, level_name, name, created_at, updated_at) VALUES (85, 18, 2, '尺寸', 'XL', '2023-01-10 05:41:37', '2023-01-10 05:41:37');
INSERT INTO demo.product_spec (id, product_id, level, level_name, name, created_at, updated_at) VALUES (86, 18, 2, '尺寸', 'L', '2023-01-10 05:41:37', '2023-01-10 05:41:37');
INSERT INTO demo.product_spec (id, product_id, level, level_name, name, created_at, updated_at) VALUES (87, 18, 2, '尺寸', 'M', '2023-01-10 05:41:37', '2023-01-10 05:41:37');
INSERT INTO demo.product_spec (id, product_id, level, level_name, name, created_at, updated_at) VALUES (88, 18, 2, '尺寸', 'S', '2023-01-10 05:41:37', '2023-01-10 05:41:37');
INSERT INTO demo.product_spec (id, product_id, level, level_name, name, created_at, updated_at) VALUES (89, 19, 1, '容量', '1000ml', '2023-01-10 05:42:42', '2023-01-10 05:42:42');
INSERT INTO demo.product_spec (id, product_id, level, level_name, name, created_at, updated_at) VALUES (90, 19, 1, '容量', '850ml', '2023-01-10 05:42:42', '2023-01-10 05:42:42');
INSERT INTO demo.product_spec (id, product_id, level, level_name, name, created_at, updated_at) VALUES (91, 19, 1, '容量', '700ml', '2023-01-10 05:42:42', '2023-01-10 05:42:42');
INSERT INTO demo.product_spec (id, product_id, level, level_name, name, created_at, updated_at) VALUES (92, 20, 1, '顏色', '藍色', '2023-01-10 05:41:37', '2023-01-10 05:41:37');
INSERT INTO demo.product_spec (id, product_id, level, level_name, name, created_at, updated_at) VALUES (93, 20, 1, '顏色', '綠色', '2023-01-10 05:41:37', '2023-01-10 05:41:37');
INSERT INTO demo.product_spec (id, product_id, level, level_name, name, created_at, updated_at) VALUES (94, 20, 1, '顏色', '紅色', '2023-01-10 05:41:37', '2023-01-10 05:41:37');
INSERT INTO demo.product_spec (id, product_id, level, level_name, name, created_at, updated_at) VALUES (95, 20, 2, '尺寸', 'XL', '2023-01-10 05:41:37', '2023-01-10 05:41:37');
INSERT INTO demo.product_spec (id, product_id, level, level_name, name, created_at, updated_at) VALUES (96, 20, 2, '尺寸', 'L', '2023-01-10 05:41:37', '2023-01-10 05:41:37');
INSERT INTO demo.product_spec (id, product_id, level, level_name, name, created_at, updated_at) VALUES (97, 20, 2, '尺寸', 'M', '2023-01-10 05:41:37', '2023-01-10 05:41:37');
INSERT INTO demo.product_spec (id, product_id, level, level_name, name, created_at, updated_at) VALUES (98, 20, 2, '尺寸', 'S', '2023-01-10 05:41:37', '2023-01-10 05:41:37');
INSERT INTO demo.product_spec (id, product_id, level, level_name, name, created_at, updated_at) VALUES (99, 21, 1, '容量', '1000ml', '2023-01-10 05:42:42', '2023-01-10 05:42:42');
INSERT INTO demo.product_spec (id, product_id, level, level_name, name, created_at, updated_at) VALUES (100, 21, 1, '容量', '850ml', '2023-01-10 05:42:42', '2023-01-10 05:42:42');
INSERT INTO demo.product_spec (id, product_id, level, level_name, name, created_at, updated_at) VALUES (101, 21, 1, '容量', '700ml', '2023-01-10 05:42:42', '2023-01-10 05:42:42');
INSERT INTO demo.product_spec (id, product_id, level, level_name, name, created_at, updated_at) VALUES (102, 22, 1, '顏色', '藍色', '2023-01-10 05:41:37', '2023-01-10 05:41:37');
INSERT INTO demo.product_spec (id, product_id, level, level_name, name, created_at, updated_at) VALUES (103, 22, 1, '顏色', '綠色', '2023-01-10 05:41:37', '2023-01-10 05:41:37');
INSERT INTO demo.product_spec (id, product_id, level, level_name, name, created_at, updated_at) VALUES (104, 22, 1, '顏色', '紅色', '2023-01-10 05:41:37', '2023-01-10 05:41:37');
INSERT INTO demo.product_spec (id, product_id, level, level_name, name, created_at, updated_at) VALUES (105, 22, 2, '尺寸', 'XL', '2023-01-10 05:41:37', '2023-01-10 05:41:37');
INSERT INTO demo.product_spec (id, product_id, level, level_name, name, created_at, updated_at) VALUES (106, 22, 2, '尺寸', 'L', '2023-01-10 05:41:37', '2023-01-10 05:41:37');
INSERT INTO demo.product_spec (id, product_id, level, level_name, name, created_at, updated_at) VALUES (107, 22, 2, '尺寸', 'M', '2023-01-10 05:41:37', '2023-01-10 05:41:37');
INSERT INTO demo.product_spec (id, product_id, level, level_name, name, created_at, updated_at) VALUES (108, 22, 2, '尺寸', 'S', '2023-01-10 05:41:37', '2023-01-10 05:41:37');
INSERT INTO demo.product_spec (id, product_id, level, level_name, name, created_at, updated_at) VALUES (109, 23, 1, '容量', '1000ml', '2023-01-10 05:42:42', '2023-01-10 05:42:42');
INSERT INTO demo.product_spec (id, product_id, level, level_name, name, created_at, updated_at) VALUES (110, 23, 1, '容量', '850ml', '2023-01-10 05:42:42', '2023-01-10 05:42:42');
INSERT INTO demo.product_spec (id, product_id, level, level_name, name, created_at, updated_at) VALUES (111, 23, 1, '容量', '700ml', '2023-01-10 05:42:42', '2023-01-10 05:42:42');
INSERT INTO demo.product_spec (id, product_id, level, level_name, name, created_at, updated_at) VALUES (112, 24, 1, '顏色', '藍色', '2023-01-10 05:41:37', '2023-01-10 05:41:37');
INSERT INTO demo.product_spec (id, product_id, level, level_name, name, created_at, updated_at) VALUES (113, 24, 1, '顏色', '綠色', '2023-01-10 05:41:37', '2023-01-10 05:41:37');
INSERT INTO demo.product_spec (id, product_id, level, level_name, name, created_at, updated_at) VALUES (114, 24, 1, '顏色', '紅色', '2023-01-10 05:41:37', '2023-01-10 05:41:37');
INSERT INTO demo.product_spec (id, product_id, level, level_name, name, created_at, updated_at) VALUES (115, 24, 2, '尺寸', 'XL', '2023-01-10 05:41:37', '2023-01-10 05:41:37');
INSERT INTO demo.product_spec (id, product_id, level, level_name, name, created_at, updated_at) VALUES (116, 24, 2, '尺寸', 'L', '2023-01-10 05:41:37', '2023-01-10 05:41:37');
INSERT INTO demo.product_spec (id, product_id, level, level_name, name, created_at, updated_at) VALUES (117, 24, 2, '尺寸', 'M', '2023-01-10 05:41:37', '2023-01-10 05:41:37');
INSERT INTO demo.product_spec (id, product_id, level, level_name, name, created_at, updated_at) VALUES (118, 24, 2, '尺寸', 'S', '2023-01-10 05:41:37', '2023-01-10 05:41:37');
INSERT INTO demo.product_spec (id, product_id, level, level_name, name, created_at, updated_at) VALUES (119, 25, 1, '容量', '1000ml', '2023-01-10 05:42:42', '2023-01-10 05:42:42');
INSERT INTO demo.product_spec (id, product_id, level, level_name, name, created_at, updated_at) VALUES (120, 25, 1, '容量', '850ml', '2023-01-10 05:42:42', '2023-01-10 05:42:42');
INSERT INTO demo.product_spec (id, product_id, level, level_name, name, created_at, updated_at) VALUES (121, 25, 1, '容量', '700ml', '2023-01-10 05:42:42', '2023-01-10 05:42:42');
INSERT INTO demo.product_spec (id, product_id, level, level_name, name, created_at, updated_at) VALUES (122, 26, 1, '顏色', '藍色', '2023-01-10 05:41:37', '2023-01-10 05:41:37');
INSERT INTO demo.product_spec (id, product_id, level, level_name, name, created_at, updated_at) VALUES (123, 26, 1, '顏色', '綠色', '2023-01-10 05:41:37', '2023-01-10 05:41:37');
INSERT INTO demo.product_spec (id, product_id, level, level_name, name, created_at, updated_at) VALUES (124, 26, 1, '顏色', '紅色', '2023-01-10 05:41:37', '2023-01-10 05:41:37');
INSERT INTO demo.product_spec (id, product_id, level, level_name, name, created_at, updated_at) VALUES (125, 26, 2, '尺寸', 'XL', '2023-01-10 05:41:37', '2023-01-10 05:41:37');
INSERT INTO demo.product_spec (id, product_id, level, level_name, name, created_at, updated_at) VALUES (126, 26, 2, '尺寸', 'L', '2023-01-10 05:41:37', '2023-01-10 05:41:37');
INSERT INTO demo.product_spec (id, product_id, level, level_name, name, created_at, updated_at) VALUES (127, 26, 2, '尺寸', 'M', '2023-01-10 05:41:37', '2023-01-10 05:41:37');
INSERT INTO demo.product_spec (id, product_id, level, level_name, name, created_at, updated_at) VALUES (128, 26, 2, '尺寸', 'S', '2023-01-10 05:41:37', '2023-01-10 05:41:37');
INSERT INTO demo.product_spec (id, product_id, level, level_name, name, created_at, updated_at) VALUES (129, 27, 1, '容量', '1000ml', '2023-01-10 05:42:42', '2023-01-10 05:42:42');
INSERT INTO demo.product_spec (id, product_id, level, level_name, name, created_at, updated_at) VALUES (130, 27, 1, '容量', '850ml', '2023-01-10 05:42:42', '2023-01-10 05:42:42');
INSERT INTO demo.product_spec (id, product_id, level, level_name, name, created_at, updated_at) VALUES (131, 27, 1, '容量', '700ml', '2023-01-10 05:42:42', '2023-01-10 05:42:42');
INSERT INTO demo.product_spec (id, product_id, level, level_name, name, created_at, updated_at) VALUES (132, 28, 1, '顏色', '藍色', '2023-01-10 05:41:37', '2023-01-10 05:41:37');
INSERT INTO demo.product_spec (id, product_id, level, level_name, name, created_at, updated_at) VALUES (133, 28, 1, '顏色', '綠色', '2023-01-10 05:41:37', '2023-01-10 05:41:37');
INSERT INTO demo.product_spec (id, product_id, level, level_name, name, created_at, updated_at) VALUES (134, 28, 1, '顏色', '紅色', '2023-01-10 05:41:37', '2023-01-10 05:41:37');
INSERT INTO demo.product_spec (id, product_id, level, level_name, name, created_at, updated_at) VALUES (135, 28, 2, '尺寸', 'XL', '2023-01-10 05:41:37', '2023-01-10 05:41:37');
INSERT INTO demo.product_spec (id, product_id, level, level_name, name, created_at, updated_at) VALUES (136, 28, 2, '尺寸', 'L', '2023-01-10 05:41:37', '2023-01-10 05:41:37');
INSERT INTO demo.product_spec (id, product_id, level, level_name, name, created_at, updated_at) VALUES (137, 28, 2, '尺寸', 'M', '2023-01-10 05:41:37', '2023-01-10 05:41:37');
INSERT INTO demo.product_spec (id, product_id, level, level_name, name, created_at, updated_at) VALUES (138, 28, 2, '尺寸', 'S', '2023-01-10 05:41:37', '2023-01-10 05:41:37');
INSERT INTO demo.product_spec (id, product_id, level, level_name, name, created_at, updated_at) VALUES (139, 29, 1, '容量', '1000ml', '2023-01-10 05:42:42', '2023-01-10 05:42:42');
INSERT INTO demo.product_spec (id, product_id, level, level_name, name, created_at, updated_at) VALUES (140, 29, 1, '容量', '850ml', '2023-01-10 05:42:42', '2023-01-10 05:42:42');
INSERT INTO demo.product_spec (id, product_id, level, level_name, name, created_at, updated_at) VALUES (141, 29, 1, '容量', '700ml', '2023-01-10 05:42:42', '2023-01-10 05:42:42');
INSERT INTO demo.product_spec (id, product_id, level, level_name, name, created_at, updated_at) VALUES (142, 30, 1, '顏色', '藍色', '2023-01-10 05:41:37', '2023-01-10 05:41:37');
INSERT INTO demo.product_spec (id, product_id, level, level_name, name, created_at, updated_at) VALUES (143, 30, 1, '顏色', '綠色', '2023-01-10 05:41:37', '2023-01-10 05:41:37');
INSERT INTO demo.product_spec (id, product_id, level, level_name, name, created_at, updated_at) VALUES (144, 30, 1, '顏色', '紅色', '2023-01-10 05:41:37', '2023-01-10 05:41:37');
INSERT INTO demo.product_spec (id, product_id, level, level_name, name, created_at, updated_at) VALUES (145, 30, 2, '尺寸', 'XL', '2023-01-10 05:41:37', '2023-01-10 05:41:37');
INSERT INTO demo.product_spec (id, product_id, level, level_name, name, created_at, updated_at) VALUES (146, 30, 2, '尺寸', 'L', '2023-01-10 05:41:37', '2023-01-10 05:41:37');
INSERT INTO demo.product_spec (id, product_id, level, level_name, name, created_at, updated_at) VALUES (147, 30, 2, '尺寸', 'M', '2023-01-10 05:41:37', '2023-01-10 05:41:37');
INSERT INTO demo.product_spec (id, product_id, level, level_name, name, created_at, updated_at) VALUES (148, 30, 2, '尺寸', 'S', '2023-01-10 05:41:37', '2023-01-10 05:41:37');
INSERT INTO demo.product_spec (id, product_id, level, level_name, name, created_at, updated_at) VALUES (149, 31, 1, '容量', '1000ml', '2023-01-10 05:42:42', '2023-01-10 05:42:42');
INSERT INTO demo.product_spec (id, product_id, level, level_name, name, created_at, updated_at) VALUES (150, 31, 1, '容量', '850ml', '2023-01-10 05:42:42', '2023-01-10 05:42:42');
INSERT INTO demo.product_spec (id, product_id, level, level_name, name, created_at, updated_at) VALUES (151, 31, 1, '容量', '700ml', '2023-01-10 05:42:42', '2023-01-10 05:42:42');
INSERT INTO demo.product_spec (id, product_id, level, level_name, name, created_at, updated_at) VALUES (152, 32, 1, '顏色', '藍色', '2023-01-10 05:41:37', '2023-01-10 05:41:37');
INSERT INTO demo.product_spec (id, product_id, level, level_name, name, created_at, updated_at) VALUES (153, 32, 1, '顏色', '綠色', '2023-01-10 05:41:37', '2023-01-10 05:41:37');
INSERT INTO demo.product_spec (id, product_id, level, level_name, name, created_at, updated_at) VALUES (154, 32, 1, '顏色', '紅色', '2023-01-10 05:41:37', '2023-01-10 05:41:37');
INSERT INTO demo.product_spec (id, product_id, level, level_name, name, created_at, updated_at) VALUES (155, 32, 2, '尺寸', 'XL', '2023-01-10 05:41:37', '2023-01-10 05:41:37');
INSERT INTO demo.product_spec (id, product_id, level, level_name, name, created_at, updated_at) VALUES (156, 32, 2, '尺寸', 'L', '2023-01-10 05:41:37', '2023-01-10 05:41:37');
INSERT INTO demo.product_spec (id, product_id, level, level_name, name, created_at, updated_at) VALUES (157, 32, 2, '尺寸', 'M', '2023-01-10 05:41:37', '2023-01-10 05:41:37');
INSERT INTO demo.product_spec (id, product_id, level, level_name, name, created_at, updated_at) VALUES (158, 32, 2, '尺寸', 'S', '2023-01-10 05:41:37', '2023-01-10 05:41:37');
INSERT INTO demo.product_spec (id, product_id, level, level_name, name, created_at, updated_at) VALUES (159, 33, 1, '容量', '1000ml', '2023-01-10 05:42:42', '2023-01-10 05:42:42');
INSERT INTO demo.product_spec (id, product_id, level, level_name, name, created_at, updated_at) VALUES (160, 33, 1, '容量', '850ml', '2023-01-10 05:42:42', '2023-01-10 05:42:42');
INSERT INTO demo.product_spec (id, product_id, level, level_name, name, created_at, updated_at) VALUES (161, 33, 1, '容量', '700ml', '2023-01-10 05:42:42', '2023-01-10 05:42:42');

TRUNCATE demo.product_stock;
INSERT INTO demo.product_stock (id, product_id, spec_1_id, spec_2_id, quantity, created_at, updated_at) VALUES (1, 1, 1, 0, -1, '2022-12-27 10:54:23', '2022-12-27 10:54:23');
INSERT INTO demo.product_stock (id, product_id, spec_1_id, spec_2_id, quantity, created_at, updated_at) VALUES (2, 2, 3, 8, 200, '2023-01-10 06:10:02', '2023-01-10 06:10:02');
INSERT INTO demo.product_stock (id, product_id, spec_1_id, spec_2_id, quantity, created_at, updated_at) VALUES (3, 2, 4, 7, 200, '2023-01-10 06:10:08', '2023-01-10 06:10:08');
INSERT INTO demo.product_stock (id, product_id, spec_1_id, spec_2_id, quantity, created_at, updated_at) VALUES (4, 2, 2, 5, 200, '2023-01-10 06:11:09', '2023-01-10 06:11:09');
INSERT INTO demo.product_stock (id, product_id, spec_1_id, spec_2_id, quantity, created_at, updated_at) VALUES (5, 2, 2, 6, 200, '2023-01-10 06:11:14', '2023-01-10 06:11:14');
INSERT INTO demo.product_stock (id, product_id, spec_1_id, spec_2_id, quantity, created_at, updated_at) VALUES (6, 3, 9, 0, 200, '2023-01-10 06:10:37', '2023-01-10 06:10:37');
INSERT INTO demo.product_stock (id, product_id, spec_1_id, spec_2_id, quantity, created_at, updated_at) VALUES (7, 3, 11, 0, 200, '2023-01-10 06:10:43', '2023-01-10 06:10:43');
INSERT INTO demo.product_stock (id, product_id, spec_1_id, spec_2_id, quantity, created_at, updated_at) VALUES (8, 4, 13, 16, 200, '2023-01-10 06:12:37', '2023-01-10 06:12:37');
INSERT INTO demo.product_stock (id, product_id, spec_1_id, spec_2_id, quantity, created_at, updated_at) VALUES (9, 4, 14, 18, 200, '2023-01-10 06:12:44', '2023-01-10 06:12:44');
INSERT INTO demo.product_stock (id, product_id, spec_1_id, spec_2_id, quantity, created_at, updated_at) VALUES (10, 5, 20, 0, 200, '2023-01-10 06:12:54', '2023-01-10 06:12:54');
INSERT INTO demo.product_stock (id, product_id, spec_1_id, spec_2_id, quantity, created_at, updated_at) VALUES (11, 6, 23, 25, 200, '2023-01-10 06:13:04', '2023-01-10 06:13:04');
INSERT INTO demo.product_stock (id, product_id, spec_1_id, spec_2_id, quantity, created_at, updated_at) VALUES (12, 6, 22, 27, 200, '2023-01-10 06:13:10', '2023-01-10 06:13:10');
INSERT INTO demo.product_stock (id, product_id, spec_1_id, spec_2_id, quantity, created_at, updated_at) VALUES (13, 7, 30, 0, 200, '2023-01-10 06:13:24', '2023-01-10 06:13:24');
INSERT INTO demo.product_stock (id, product_id, spec_1_id, spec_2_id, quantity, created_at, updated_at) VALUES (14, 8, 33, 36, 200, '2023-01-10 06:14:15', '2023-01-10 06:14:15');
INSERT INTO demo.product_stock (id, product_id, spec_1_id, spec_2_id, quantity, created_at, updated_at) VALUES (15, 8, 32, 37, 200, '2023-01-10 06:14:19', '2023-01-10 06:14:19');
INSERT INTO demo.product_stock (id, product_id, spec_1_id, spec_2_id, quantity, created_at, updated_at) VALUES (16, 9, 39, 0, 200, '2023-01-10 06:14:46', '2023-01-10 06:14:46');
INSERT INTO demo.product_stock (id, product_id, spec_1_id, spec_2_id, quantity, created_at, updated_at) VALUES (17, 9, 40, 0, 200, '2023-01-10 06:14:48', '2023-01-10 06:14:48');
INSERT INTO demo.product_stock (id, product_id, spec_1_id, spec_2_id, quantity, created_at, updated_at) VALUES (18, 9, 41, 0, 200, '2023-01-10 06:14:52', '2023-01-10 06:14:52');
INSERT INTO demo.product_stock (id, product_id, spec_1_id, spec_2_id, quantity, created_at, updated_at) VALUES (19, 10, 43, 46, 200, '2023-01-10 06:13:33', '2023-01-10 06:13:33');
INSERT INTO demo.product_stock (id, product_id, spec_1_id, spec_2_id, quantity, created_at, updated_at) VALUES (20, 10, 43, 48, 200, '2023-01-10 06:13:36', '2023-01-10 06:13:36');
INSERT INTO demo.product_stock (id, product_id, spec_1_id, spec_2_id, quantity, created_at, updated_at) VALUES (21, 11, 50, 0, 200, '2023-01-10 06:13:46', '2023-01-10 06:13:46');

TRUNCATE demo.product_topic;
INSERT INTO demo.product_topic (id, name, level, is_show, cover_picture, created_at, updated_at) VALUES (1, '主題', 0, 0, '', '2023-01-03 04:17:37', '2023-01-03 04:17:37');
INSERT INTO demo.product_topic (id, name, level, is_show, cover_picture, created_at, updated_at) VALUES (2, '本週熱銷', 1, 1, '', '2023-01-10 04:16:31', '2023-01-10 04:16:31');
INSERT INTO demo.product_topic (id, name, level, is_show, cover_picture, created_at, updated_at) VALUES (3, '當月人氣', 1, 1, '', '2023-01-10 04:16:41', '2023-01-10 04:16:41');

TRUNCATE demo.product_topic_mapping;
INSERT INTO demo.product_topic_mapping (id, topic_id, product_id, created_at, updated_at) VALUES (1, 2, 2, '2022-12-27 16:34:25', '2022-12-27 16:34:25');
INSERT INTO demo.product_topic_mapping (id, topic_id, product_id, created_at, updated_at) VALUES (2, 2, 3, '2022-12-27 16:34:25', '2022-12-27 16:34:25');
INSERT INTO demo.product_topic_mapping (id, topic_id, product_id, created_at, updated_at) VALUES (3, 2, 4, '2023-01-10 14:42:29', '2023-01-10 14:42:30');
INSERT INTO demo.product_topic_mapping (id, topic_id, product_id, created_at, updated_at) VALUES (4, 2, 5, '2023-01-10 14:42:32', '2023-01-10 14:42:31');
INSERT INTO demo.product_topic_mapping (id, topic_id, product_id, created_at, updated_at) VALUES (5, 3, 6, '2023-01-10 14:42:32', '2023-01-10 14:42:33');
INSERT INTO demo.product_topic_mapping (id, topic_id, product_id, created_at, updated_at) VALUES (6, 3, 7, '2023-01-10 14:42:34', '2023-01-10 14:42:34');
INSERT INTO demo.product_topic_mapping (id, topic_id, product_id, created_at, updated_at) VALUES (7, 3, 8, '2023-01-10 14:42:35', '2023-01-10 14:42:36');
INSERT INTO demo.product_topic_mapping (id, topic_id, product_id, created_at, updated_at) VALUES (8, 3, 9, '2023-01-10 14:42:35', '2023-01-10 14:42:37');

